BENNETT Sam,{3},giro-d-italia,2018
VIVIANI Elia,{0},giro-d-italia,2018
DRUCKER Jempy,{0},giro-d-italia,2018
PLANCKAERT Baptiste,{0},giro-d-italia,2018
BELLETTI Manuel,{0},giro-d-italia,2018
MODOLO Sacha,{0},giro-d-italia,2018
VENTURINI Clément,{0},giro-d-italia,2018
SIMION Paolo,{0},giro-d-italia,2018
SABATINI Fabio,{0},giro-d-italia,2018
POLANC Jan,{3},giro-d-italia,2018
BATTAGLIN Enrico,{3},giro-d-italia,2018
MORI Manuele,{3},giro-d-italia,2018
HAIG Jack,{3},giro-d-italia,2018
GIBBONS Ryan,{0},giro-d-italia,2018
BEWLEY Sam,{0},giro-d-italia,2018
DEBUSSCHERE Jens,{0},giro-d-italia,2018
BOIVIN Guillaume,{0},giro-d-italia,2018
MØRKØV Michael,{1},giro-d-italia,2018
PFINGSTEN Christoph,{3},giro-d-italia,2018
VISCONTI Giovanni,{3},giro-d-italia,2018
BONIFAZIO Niccolò,{0},giro-d-italia,2018
CAVAGNA Rémi,{0},giro-d-italia,2018
POZZOVIVO Domenico,{3},giro-d-italia,2018
VENTER Jaco,{3},giro-d-italia,2018
VAN HOECKE Gijs,{0},giro-d-italia,2018
ROELANDTS Jürgen,{0},giro-d-italia,2018
MOHORIČ Matej,{3},giro-d-italia,2018
SBARAGLI Kristian,{0},giro-d-italia,2018
DENNIS Rohan,{1},giro-d-italia,2018
VAN POPPEL Boy,{0},giro-d-italia,2018
BERTAZZO Liam,{0},giro-d-italia,2018
VAN ASBROECK Tom,{0},giro-d-italia,2018
ARMÉE Sander,{3},giro-d-italia,2018
ŠTYBAR Zdeněk,{0},giro-d-italia,2018
ULISSI Diego,{1},giro-d-italia,2018
GONÇALVES José,{3},giro-d-italia,2018
CATTANEO Mattia,{3},giro-d-italia,2018
MONTAGUTI Matteo,{1},giro-d-italia,2018
JAUREGUI Quentin,{1},giro-d-italia,2018
VILLELLA Davide,{3},giro-d-italia,2018
BOARO Manuele,{3},giro-d-italia,2018
BERHANE Natnael,{1},giro-d-italia,2018
SÉNÉCHAL Florian,{0},giro-d-italia,2018
SCHILLINGER Andreas,{0},giro-d-italia,2018
FORMOLO Davide,{3},giro-d-italia,2018
BENEDETTI Cesare,{0},giro-d-italia,2018
GROßSCHARTNER Felix,{3},giro-d-italia,2018
FRAPPORTI Marco,{3},giro-d-italia,2018
MOSCA Jacopo,{3},giro-d-italia,2018
LAENGEN Vegard Stake,{0},giro-d-italia,2018
KONRAD Patrick,{3},giro-d-italia,2018
PREIDLER Georg,{1},giro-d-italia,2018
ROY Jérémy,{3},giro-d-italia,2018
GENIEZ Alexandre,{3},giro-d-italia,2018
HERMANS Ben,{1},giro-d-italia,2018
FRANKINY Kilian,{3},giro-d-italia,2018
FRISON Frederik,{0},giro-d-italia,2018
HANSEN Adam,{3},giro-d-italia,2018
BAK Lars Ytting,{0},giro-d-italia,2018
VAN EMDEN Jos,{0},giro-d-italia,2018
VAN POPPEL Danny,{0},giro-d-italia,2018
MARTIN Tony,{3},giro-d-italia,2018
MULLEN Ryan,{0},giro-d-italia,2018
OOMEN Sam,{3},giro-d-italia,2018
BROWN Nathan,{3},giro-d-italia,2018
GAVAZZI Francesco,{3},giro-d-italia,2018
BALLERINI Davide,{3},giro-d-italia,2018
BOUWMAN Koen,{3},giro-d-italia,2018
DENZ Nico,{3},giro-d-italia,2018
KING Ben,{1},giro-d-italia,2018
TURRIN Alex,{0},giro-d-italia,2018
VENDRAME Andrea,{3},giro-d-italia,2018
PLAZA Rubén,{3},giro-d-italia,2018
VENTOSO Francisco José,{3},giro-d-italia,2018
CAPECCHI Eros,{1},giro-d-italia,2018
DEMPSTER Zak,{0},giro-d-italia,2018
MARCATO Marco,{3},giro-d-italia,2018
PEDERSEN Mads,{0},giro-d-italia,2018
IRIZAR Markel,{0},giro-d-italia,2018
COLEDAN Marco,{0},giro-d-italia,2018
BARBIN Enrico,{0},giro-d-italia,2018
KUZNETSOV Viacheslav,{0},giro-d-italia,2018
JUUL-JENSEN Christopher,{0},giro-d-italia,2018
SCHACHMANN Maximilian,{1},giro-d-italia,2018
DE MARCHI Alessandro,{3},giro-d-italia,2018
NOVAK Domen,{0},giro-d-italia,2018
ZHUPA Eugert,{0},giro-d-italia,2018
FONZI Giuseppe,{0},giro-d-italia,2018
CONTI Valerio,{3},giro-d-italia,2018
CICCONE Giulio,{3},giro-d-italia,2018
ANDREETTA Simone,{0},giro-d-italia,2018
MASNADA Fausto,{3},giro-d-italia,2018
SAGIV Guy,{0},giro-d-italia,2018
NEILANDS Krists,{3},giro-d-italia,2018
ATAPUMA Darwin,{1},giro-d-italia,2018
WÜRTZ SCHMIDT Mads,{3},giro-d-italia,2018
DOWSETT Alex,{0},giro-d-italia,2018
HAMILTON Chris,{0},giro-d-italia,2018
DUMOULIN Tom,{1},giro-d-italia,2018
HAGA Chad,{3},giro-d-italia,2018
TEN DAM Laurens,{3},giro-d-italia,2018
CURVERS Roy,{0},giro-d-italia,2018
HOFSTEDE Lennard,{0},giro-d-italia,2018
DIDIER Laurent,{3},giro-d-italia,2018
EG Niklas,{0},giro-d-italia,2018
BRAMBILLA Gianluca,{3},giro-d-italia,2018
BETANCUR Carlos,{3},giro-d-italia,2018
LAMMERTINK Maurits,{3},giro-d-italia,2018
DUPONT Hubert,{3},giro-d-italia,2018
NIBALI Antonio,{3},giro-d-italia,2018
DE LA PARTE Víctor,{3},giro-d-italia,2018
SEPÚLVEDA Eduardo,{0},giro-d-italia,2018
FERNÁNDEZ Rubén,{0},giro-d-italia,2018
PEDRERO Antonio,{0},giro-d-italia,2018
PANTANO Jarlinson,{3},giro-d-italia,2018
CARAPAZ Richard,{1},giro-d-italia,2018
QUINTANA Dayer,{0},giro-d-italia,2018
ZEITS Andrey,{1},giro-d-italia,2018
SÁNCHEZ Luis León,{3},giro-d-italia,2018
LUTSENKO Alexey,{0},giro-d-italia,2018
BELKOV Maxim,{0},giro-d-italia,2018
TORRES Rodolfo Andrés,{3},giro-d-italia,2018
LÓPEZ Miguel Ángel,{1},giro-d-italia,2018
JANSE VAN RENSBURG Jacques,{0},giro-d-italia,2018
BILBAO Pello,{3},giro-d-italia,2018
HIRT Jan,{1},giro-d-italia,2018
BIDARD François,{3},giro-d-italia,2018
MORABITO Steve,{0},giro-d-italia,2018
ROUX Anthony,{1},giro-d-italia,2018
KREUZIGER Roman,{1},giro-d-italia,2018
REICHENBACH Sébastien,{1},giro-d-italia,2018
YATES Simon,{3},giro-d-italia,2018
NIEVE Mikel,{3},giro-d-italia,2018
BENNETT George,{3},giro-d-italia,2018
LINDEMAN Bert-Jan,{0},giro-d-italia,2018
GESINK Robert,{3},giro-d-italia,2018
TUFT Svein,{0},giro-d-italia,2018
CARTHY Hugh,{3},giro-d-italia,2018
WOODS Michael,{3},giro-d-italia,2018
DOCKER Mitchell,{0},giro-d-italia,2018
DOMBROWSKI Joe,{1},giro-d-italia,2018
KNEES Christian,{0},giro-d-italia,2018
DE LA CRUZ David,{1},giro-d-italia,2018
PUCCIO Salvatore,{3},giro-d-italia,2018
FROOME Chris,{1},giro-d-italia,2018
POELS Wout,{3},giro-d-italia,2018
ELISSONDE Kenny,{3},giro-d-italia,2018
HENAO Sergio,{3},giro-d-italia,2018
CHAVES Esteban,{1},giro-d-italia,2018
HAGA Chad,{2},giro-d-italia,2019
CAMPENAERTS Victor,{2},giro-d-italia,2019
DE GENDT Thomas,{0},giro-d-italia,2019
CARUSO Damiano,{0},giro-d-italia,2019
LUDVIGSSON Tobias,{2},giro-d-italia,2019
ČERNÝ Josef,{2},giro-d-italia,2019
BILBAO Pello,{0},giro-d-italia,2019
CATTANEO Mattia,{0},giro-d-italia,2019
NIBALI Vincenzo,{0},giro-d-italia,2019
ROGLIČ Primož,{0},giro-d-italia,2019
DURBRIDGE Luke,{5},giro-d-italia,2019
BOHLI Tom,{2},giro-d-italia,2019
ZAKARIN Ilnur,{0},giro-d-italia,2019
POLANC Jan,{0},giro-d-italia,2019
MAJKA Rafał,{0},giro-d-italia,2019
VAN EMDEN Jos,{2},giro-d-italia,2019
JUNGELS Bob,{0},giro-d-italia,2019
BAUER Jack,{2},giro-d-italia,2019
AMADOR Andrey,{5},giro-d-italia,2019
SIVAKOV Pavel,{0},giro-d-italia,2019
LANDA Mikel,{0},giro-d-italia,2019
FORMOLO Davide,{0},giro-d-italia,2019
CATALDO Dario,{5},giro-d-italia,2019
YATES Simon,{0},giro-d-italia,2019
BOUWMAN Koen,{0},giro-d-italia,2019
MOLLEMA Bauke,{0},giro-d-italia,2019
SÜTTERLIN Jasha,{2},giro-d-italia,2019
ULISSI Diego,{0},giro-d-italia,2019
DE LA PARTE Víctor,{0},giro-d-italia,2019
MCCARTHY Jay,{5},giro-d-italia,2019
GRADEK Kamil,{2},giro-d-italia,2019
MAS Lluís,{2},giro-d-italia,2019
DÉMARE Arnaud,{2},giro-d-italia,2019
ANTUNES Amaro,{5},giro-d-italia,2019
HAMILTON Lucas,{0},giro-d-italia,2019
CARAPAZ Richard,{0},giro-d-italia,2019
DOMBROWSKI Joe,{0},giro-d-italia,2019
GOGL Michael,{2},giro-d-italia,2019
HINDLEY Jai,{0},giro-d-italia,2019
DAVIES Scott,{2},giro-d-italia,2019
SCOTSON Miles,{2},giro-d-italia,2019
NEILANDS Krists,{2},giro-d-italia,2019
LÓPEZ Miguel Ángel,{0},giro-d-italia,2019
O'CONNOR Ben,{0},giro-d-italia,2019
KANGERT Tanel,{0},giro-d-italia,2019
VENTOSO Francisco José,{2},giro-d-italia,2019
IZAGIRRE Ion,{0},giro-d-italia,2019
HONORÉ Mikkel Frølich,{2},giro-d-italia,2019
VUILLERMOZ Alexis,{0},giro-d-italia,2019
POZZOVIVO Domenico,{0},giro-d-italia,2019
ZEITS Andrey,{0},giro-d-italia,2019
NIEVE Mikel,{0},giro-d-italia,2019
GHEBREIGZABHIER Amanuel,{0},giro-d-italia,2019
PLAZA Rubén,{5},giro-d-italia,2019
SABATINI Fabio,{2},giro-d-italia,2019
JUUL-JENSEN Christopher,{5},giro-d-italia,2019
BENNETT Sean,{2},giro-d-italia,2019
BOARO Manuele,{2},giro-d-italia,2019
STRAKHOV Dmitry,{2},giro-d-italia,2019
BAKELANTS Jan,{0},giro-d-italia,2019
VENDRAME Andrea,{5},giro-d-italia,2019
HAMILTON Chris,{0},giro-d-italia,2019
MASNADA Fausto,{0},giro-d-italia,2019
MARCATO Marco,{2},giro-d-italia,2019
SCHWARZMANN Michael,{2},giro-d-italia,2019
CONCI Nicola,{5},giro-d-italia,2019
SERRY Pieter,{5},giro-d-italia,2019
CARTHY Hugh,{0},giro-d-italia,2019
OWSIAN Łukasz,{5},giro-d-italia,2019
HOLLENSTEIN Reto,{2},giro-d-italia,2019
CARBONI Giovanni,{2},giro-d-italia,2019
MADOUAS Valentin,{0},giro-d-italia,2019
CLARKE Will,{2},giro-d-italia,2019
WARBASSE Larry,{5},giro-d-italia,2019
POLJAŃSKI Paweł,{5},giro-d-italia,2019
CAPECCHI Eros,{0},giro-d-italia,2019
MONTAGUTI Matteo,{5},giro-d-italia,2019
GASTAUER Ben,{5},giro-d-italia,2019
CICCONE Giulio,{0},giro-d-italia,2019
BRAMBILLA Gianluca,{0},giro-d-italia,2019
CANOLA Marco,{2},giro-d-italia,2019
IRIZAR Markel,{2},giro-d-italia,2019
GASPAROTTO Enrico,{5},giro-d-italia,2019
SELIG Rüdiger,{2},giro-d-italia,2019
PETERS Nans,{5},giro-d-italia,2019
GIBBONS Ryan,{2},giro-d-italia,2019
CIMOLAI Davide,{2},giro-d-italia,2019
DUPONT Hubert,{0},giro-d-italia,2019
HENAO Sebastián,{0},giro-d-italia,2019
HALLER Marco,{2},giro-d-italia,2019
BIDARD François,{0},giro-d-italia,2019
CAICEDO Jonathan Klever,{2},giro-d-italia,2019
DENZ Nico,{2},giro-d-italia,2019
MAESTRI Mirco,{2},giro-d-italia,2019
WYSS Danilo,{2},giro-d-italia,2019
CHAVES Esteban,{0},giro-d-italia,2019
VILLELLA Davide,{5},giro-d-italia,2019
HIRT Jan,{0},giro-d-italia,2019
ROJAS José Joaquín,{5},giro-d-italia,2019
SINKELDAM Ramon,{2},giro-d-italia,2019
PUCCIO Salvatore,{5},giro-d-italia,2019
CONSONNI Simone,{2},giro-d-italia,2019
BIERMANS Jenthe,{2},giro-d-italia,2019
KNEES Christian,{2},giro-d-italia,2019
SANTAROMITA Ivan,{2},giro-d-italia,2019
FRAPPORTI Marco,{5},giro-d-italia,2019
AGNOLI Valerio,{2},giro-d-italia,2019
NARVÁEZ Jhonatan,{5},giro-d-italia,2019
BENEDETTI Cesare,{5},giro-d-italia,2019
BOLE Grega,{2},giro-d-italia,2019
BATTAGLIN Enrico,{5},giro-d-italia,2019
CARRETERO Héctor,{2},giro-d-italia,2019
VAN DER SANDE Tosh,{5},giro-d-italia,2019
SIMION Paolo,{2},giro-d-italia,2019
TOLHOEK Antwan,{5},giro-d-italia,2019
GUARNIERI Jacopo,{2},giro-d-italia,2019
COVILI Luca,{5},giro-d-italia,2019
ACKERMANN Pascal,{2},giro-d-italia,2019
KUSS Sepp,{0},giro-d-italia,2019
HANSEN Adam,{5},giro-d-italia,2019
GAROSIO Andrea,{2},giro-d-italia,2019
SBARAGLI Kristian,{5},giro-d-italia,2019
LE GAC Olivier,{2},giro-d-italia,2019
DUNNE Conor,{2},giro-d-italia,2019
CIMA Damiano,{2},giro-d-italia,2019
ROTA Lorenzo,{5},giro-d-italia,2019
BROWN Nathan,{5},giro-d-italia,2019
NIBALI Antonio,{5},giro-d-italia,2019
PEDRERO Antonio,{0},giro-d-italia,2019
BELLETTI Manuel,{2},giro-d-italia,2019
GAVAZZI Francesco,{5},giro-d-italia,2019
MARTENS Paul,{5},giro-d-italia,2019
GEBREMEDHIN Awet,{2},giro-d-italia,2019
BOIVIN Guillaume,{2},giro-d-italia,2019
SENNI Manuel,{0},giro-d-italia,2019
NIV Guy,{5},giro-d-italia,2019
FLÓREZ Miguel Eduardo,{5},giro-d-italia,2019
LEEZER Tom,{2},giro-d-italia,2019
HATSUYAMA Sho,{2},giro-d-italia,2019
LOBATO Juan José,{2},giro-d-italia,2019
SOSA Iván Ramiro,{0},giro-d-italia,2019
DUNBAR Eddie,{0},giro-d-italia,2019
GANNA Filippo,{2},giro-d-italia,2020
CAMPENAERTS Victor,{1},giro-d-italia,2020
DENNIS Rohan,{0},giro-d-italia,2020
ALMEIDA João,{3},giro-d-italia,2020
SCOTSON Miles,{1},giro-d-italia,2020
ČERNÝ Josef,{2},giro-d-italia,2020
HAGA Chad,{2},giro-d-italia,2020
MCNULTY Brandon,{0},giro-d-italia,2020
GRADEK Kamil,{2},giro-d-italia,2020
TRATNIK Jan,{5},giro-d-italia,2020
KELDERMAN Wilco,{3},giro-d-italia,2020
TUSVELD Martijn,{0},giro-d-italia,2020
GEOGHEGAN HART Tao,{3},giro-d-italia,2020
DE GENDT Thomas,{0},giro-d-italia,2020
BODNAR Maciej,{1},giro-d-italia,2020
ROSSKOPF Joey,{5},giro-d-italia,2020
DOWSETT Alex,{1},giro-d-italia,2020
SOBRERO Matteo,{5},giro-d-italia,2020
POZZOVIVO Domenico,{3},giro-d-italia,2020
BRÄNDLE Matthias,{1},giro-d-italia,2020
PARET-PEINTRE Aurélien,{0},giro-d-italia,2020
HONORÉ Mikkel Frølich,{0},giro-d-italia,2020
FELLINE Fabio,{0},giro-d-italia,2020
BILBAO Pello,{3},giro-d-italia,2020
O'CONNOR Ben,{0},giro-d-italia,2020
ULISSI Diego,{0},giro-d-italia,2020
BJERG Mikkel,{1},giro-d-italia,2020
SWIFT Ben,{0},giro-d-italia,2020
PUCCIO Salvatore,{4},giro-d-italia,2020
NIBALI Vincenzo,{3},giro-d-italia,2020
FUGLSANG Jakob,{3},giro-d-italia,2020
BALLERINI Davide,{5},giro-d-italia,2020
MASNADA Fausto,{3},giro-d-italia,2020
VENDRAME Andrea,{4},giro-d-italia,2020
OOMEN Sam,{0},giro-d-italia,2020
KONRAD Patrick,{3},giro-d-italia,2020
MEINTJES Louis,{0},giro-d-italia,2020
HINDLEY Jai,{3},giro-d-italia,2020
DÉMARE Arnaud,{1},giro-d-italia,2020
WARBASSE Larry,{0},giro-d-italia,2020
VALTER Attila,{4},giro-d-italia,2020
KONOVALOVAS Ignatas,{1},giro-d-italia,2020
RODRÍGUEZ Óscar,{0},giro-d-italia,2020
BOUCHARD Geoffrey,{4},giro-d-italia,2020
ZAKARIN Ilnur,{0},giro-d-italia,2020
CONTI Valerio,{1},giro-d-italia,2020
HODEG Álvaro José,{1},giro-d-italia,2020
SERRY Pieter,{0},giro-d-italia,2020
KNOX James,{0},giro-d-italia,2020
HAMILTON Chris,{0},giro-d-italia,2020
PERNSTEINER Hermann,{3},giro-d-italia,2020
SAGAN Peter,{1},giro-d-italia,2020
CAICEDO Jonathan Klever,{4},giro-d-italia,2020
OLDANI Stefano,{1},giro-d-italia,2020
ROSSETTO Stéphane,{5},giro-d-italia,2020
FABBRO Matteo,{0},giro-d-italia,2020
DENZ Nico,{2},giro-d-italia,2020
CONSONNI Simone,{1},giro-d-italia,2020
BATTAGLIN Enrico,{0},giro-d-italia,2020
HOLMES Matthew,{5},giro-d-italia,2020
MAŁECKI Kamil,{5},giro-d-italia,2020
CLARKE Simon,{2},giro-d-italia,2020
GUERREIRO Ruben,{0},giro-d-italia,2020
KANGERT Tanel,{0},giro-d-italia,2020
FRANKINY Kilian,{2},giro-d-italia,2020
VANHOUCKE Harm,{4},giro-d-italia,2020
NOVAK Domen,{0},giro-d-italia,2020
MAJKA Rafał,{3},giro-d-italia,2020
PADUN Mark,{2},giro-d-italia,2020
LE TURNIER Mathias,{2},giro-d-italia,2020
DIBBEN Jonathan,{1},giro-d-italia,2020
HAGEN Carl Fredrik,{0},giro-d-italia,2020
HANSEN Jesper,{4},giro-d-italia,2020
SAMITIER Sergio,{0},giro-d-italia,2020
WHELAN James,{1},giro-d-italia,2020
DE LA PARTE Víctor,{4},giro-d-italia,2020
CASTROVIEJO Jonathan,{0},giro-d-italia,2020
BEVILACQUA Simone,{1},giro-d-italia,2020
CATALDO Dario,{2},giro-d-italia,2020
VIVIANI Elia,{1},giro-d-italia,2020
GUARNIERI Jacopo,{1},giro-d-italia,2020
BERNARD Julien,{4},giro-d-italia,2020
TORRES Albert,{1},giro-d-italia,2020
DOMBROWSKI Joe,{0},giro-d-italia,2020
MOSCA Jacopo,{4},giro-d-italia,2020
ARASHIRO Yukiya,{2},giro-d-italia,2020
CONCI Nicola,{4},giro-d-italia,2020
NAVARRO Daniel,{0},giro-d-italia,2020
ZABEL Rick,{1},giro-d-italia,2020
WYSS Danilo,{2},giro-d-italia,2020
SEPÚLVEDA Eduardo,{4},giro-d-italia,2020
SUNDERLAND Dylan,{2},giro-d-italia,2020
TONELLI Alessandro,{0},giro-d-italia,2020
CARBONI Giovanni,{4},giro-d-italia,2020
RAVANELLI Simone,{2},giro-d-italia,2020
CONTRERAS Rodrigo,{2},giro-d-italia,2020
ROTA Lorenzo,{1},giro-d-italia,2020
HAAS Nathan,{1},giro-d-italia,2020
POLJAŃSKI Paweł,{5},giro-d-italia,2020
BIDARD François,{0},giro-d-italia,2020
VILLELLA Davide,{4},giro-d-italia,2020
BENEDETTI Cesare,{2},giro-d-italia,2020
GHEBREIGZABHIER Amanuel,{0},giro-d-italia,2020
ARMÉE Sander,{0},giro-d-italia,2020
PEDRERO Antonio,{0},giro-d-italia,2020
GREGAARD Jonas,{0},giro-d-italia,2020
CAPECCHI Eros,{2},giro-d-italia,2020
BAIS Mattia,{2},giro-d-italia,2020
HÄNNINEN Jaakko,{4},giro-d-italia,2020
MATHIS Marco,{1},giro-d-italia,2020
RUBIO Einer Augusto,{5},giro-d-italia,2020
HANSEN Adam,{1},giro-d-italia,2020
CIMOLAI Davide,{1},giro-d-italia,2020
VAN EMPEL Etienne,{2},giro-d-italia,2020
MORTON Lachlan,{1},giro-d-italia,2020
SAGIV Guy,{1},giro-d-italia,2020
RUMAC Josip,{1},giro-d-italia,2020
FIORELLI Filippo,{1},giro-d-italia,2020
ZARDINI Edoardo,{2},giro-d-italia,2020
RESTREPO Jhonatan,{1},giro-d-italia,2020
PELLAUD Simon,{2},giro-d-italia,2020
GUGLIELMI Simon,{1},giro-d-italia,2020
CARRETERO Héctor,{2},giro-d-italia,2020
NIBALI Antonio,{0},giro-d-italia,2020
ROMANO Francesco,{2},giro-d-italia,2020
CHIRICO Luca,{5},giro-d-italia,2020
FRAPPORTI Marco,{2},giro-d-italia,2020
ZANA Filippo,{1},giro-d-italia,2020
LONARDI Giovanni,{1},giro-d-italia,2020
MAZZUCCO Fabio,{1},giro-d-italia,2020
CEPEDA Jefferson Alexander,{5},giro-d-italia,2020
KEISSE Iljo,{1},giro-d-italia,2020
BISOLTI Alessandro,{2},giro-d-italia,2020
GANNA Filippo,{4},giro-d-italia,2021
CAVAGNA Rémi,{3},giro-d-italia,2021
AFFINI Edoardo,{4},giro-d-italia,2021
SOBRERO Matteo,{4},giro-d-italia,2021
ALMEIDA João,{0},giro-d-italia,2021
WALSCHEID Max,{2},giro-d-italia,2021
BETTIOL Alberto,{3},giro-d-italia,2021
TRATNIK Jan,{2},giro-d-italia,2021
MOSCON Gianni,{0},giro-d-italia,2021
KEISSE Iljo,{4},giro-d-italia,2021
BODNAR Maciej,{4},giro-d-italia,2021
FOSS Tobias,{0},giro-d-italia,2021
ARNDT Nikias,{3},giro-d-italia,2021
MARTÍNEZ Daniel Felipe,{0},giro-d-italia,2021
ULISSI Diego,{0},giro-d-italia,2021
BRÄNDLE Matthias,{4},giro-d-italia,2021
CARUSO Damiano,{0},giro-d-italia,2021
GROßSCHARTNER Felix,{0},giro-d-italia,2021
VLASOV Aleksandr,{0},giro-d-italia,2021
VAN DEN BERG Julius,{4},giro-d-italia,2021
BOUWMAN Koen,{0},giro-d-italia,2021
FORMOLO Davide,{0},giro-d-italia,2021
HEPBURN Michael,{4},giro-d-italia,2021
BERNAL Egan,{0},giro-d-italia,2021
CASTROVIEJO Jonathan,{0},giro-d-italia,2021
DENZ Nico,{3},giro-d-italia,2021
SERRY Pieter,{0},giro-d-italia,2021
SEIGLE Romain,{4},giro-d-italia,2021
RIESEBEEK Oscar,{2},giro-d-italia,2021
SÁNCHEZ Luis León,{0},giro-d-italia,2021
BARDET Romain,{0},giro-d-italia,2021
IZAGIRRE Gorka,{0},giro-d-italia,2021
WIŚNIOWSKI Łukasz,{2},giro-d-italia,2021
HONORÉ Mikkel Frølich,{2},giro-d-italia,2021
BATTISTELLA Samuele,{3},giro-d-italia,2021
JORGENSON Matteo,{4},giro-d-italia,2021
TEJADA Harold,{0},giro-d-italia,2021
NIBALI Vincenzo,{0},giro-d-italia,2021
CARTHY Hugh,{0},giro-d-italia,2021
OLIVEIRA Nelson,{0},giro-d-italia,2021
COVI Alessandro,{0},giro-d-italia,2021
VALTER Attila,{0},giro-d-italia,2021
BENNETT George,{0},giro-d-italia,2021
LEYSEN Senne,{4},giro-d-italia,2021
MOLANO Juan Sebastián,{2},giro-d-italia,2021
WARBASSE Larry,{0},giro-d-italia,2021
CARR Simon,{0},giro-d-italia,2021
JANSSENS Jimmy,{2},giro-d-italia,2021
PRONSKIY Vadim,{0},giro-d-italia,2021
KANTER Max,{4},giro-d-italia,2021
YATES Simon,{0},giro-d-italia,2021
BEVIN Patrick,{3},giro-d-italia,2021
JUUL-JENSEN Christopher,{4},giro-d-italia,2021
GOUGEARD Alexis,{4},giro-d-italia,2021
TORRES Albert,{2},giro-d-italia,2021
VENDRAME Andrea,{3},giro-d-italia,2021
SAGAN Peter,{4},giro-d-italia,2021
CATALDO Dario,{3},giro-d-italia,2021
GAVIRIA Fernando,{4},giro-d-italia,2021
FABBRO Matteo,{0},giro-d-italia,2021
PONOMAR Andrii,{3},giro-d-italia,2021
ALEOTTI Giovanni,{2},giro-d-italia,2021
STORER Michael,{2},giro-d-italia,2021
KNOX James,{0},giro-d-italia,2021
ZANA Filippo,{3},giro-d-italia,2021
VAN DEN BERG Lars,{2},giro-d-italia,2021
CONTI Valerio,{4},giro-d-italia,2021
KANGERT Tanel,{0},giro-d-italia,2021
PUCCIO Salvatore,{2},giro-d-italia,2021
HIRT Jan,{0},giro-d-italia,2021
MARTENS Paul,{4},giro-d-italia,2021
CONSONNI Simone,{3},giro-d-italia,2021
KEUKELEIRE Jens,{2},giro-d-italia,2021
PASQUALON Andrea,{4},giro-d-italia,2021
TAARAMÄE Rein,{3},giro-d-italia,2021
DE BONDT Dries,{4},giro-d-italia,2021
SEPÚLVEDA Eduardo,{0},giro-d-italia,2021
SABATINI Fabio,{4},giro-d-italia,2021
SCOTSON Callum,{4},giro-d-italia,2021
RICHEZE Maximiliano,{3},giro-d-italia,2021
KRIEGER Alexander,{4},giro-d-italia,2021
MINALI Riccardo,{4},giro-d-italia,2021
ALBANESE Vincenzo,{2},giro-d-italia,2021
OSS Daniel,{4},giro-d-italia,2021
BILBAO Pello,{0},giro-d-italia,2021
MARTIN Dan,{0},giro-d-italia,2021
GHEBREIGZABHIER Amanuel,{2},giro-d-italia,2021
RIVI Samuele,{3},giro-d-italia,2021
TAGLIANI Filippo,{4},giro-d-italia,2021
NARVÁEZ Jhonatan,{0},giro-d-italia,2021
VERVAEKE Louis,{0},giro-d-italia,2021
VIVIANI Elia,{4},giro-d-italia,2021
HAMILTON Chris,{0},giro-d-italia,2021
ROCHE Nicolas,{3},giro-d-italia,2021
MOLLEMA Bauke,{0},giro-d-italia,2021
MOSCA Jacopo,{3},giro-d-italia,2021
VILLELLA Davide,{0},giro-d-italia,2021
KREDER Wesley,{3},giro-d-italia,2021
MEYER Cameron,{4},giro-d-italia,2021
ARASHIRO Yukiya,{2},giro-d-italia,2021
HERMANS Quinten,{0},giro-d-italia,2021
CIMOLAI Davide,{4},giro-d-italia,2021
GAVAZZI Francesco,{0},giro-d-italia,2021
GALLOPIN Tony,{0},giro-d-italia,2021
BOUCHARD Geoffrey,{0},giro-d-italia,2021
CARBONI Giovanni,{2},giro-d-italia,2021
BADILATTI Matteo,{0},giro-d-italia,2021
PETILLI Simone,{0},giro-d-italia,2021
MOLARD Rudy,{0},giro-d-italia,2021
MOSCHETTI Matteo,{4},giro-d-italia,2021
RAVASI Edward,{0},giro-d-italia,2021
RAVANELLI Simone,{2},giro-d-italia,2021
PEDRERO Antonio,{0},giro-d-italia,2021
DUCHESNE Antoine,{4},giro-d-italia,2021
NAESEN Lawrence,{4},giro-d-italia,2021
OLDANI Stefano,{3},giro-d-italia,2021
BENEDETTI Cesare,{4},giro-d-italia,2021
VAN GARDEREN Tejay,{2},giro-d-italia,2021
SCHMID Mauro,{4},giro-d-italia,2021
VISCONTI Giovanni,{2},giro-d-italia,2021
FRANKINY Kilian,{2},giro-d-italia,2021
LINDEMAN Bert-Jan,{4},giro-d-italia,2021
NIEVE Mikel,{0},giro-d-italia,2021
DE KORT Koen,{4},giro-d-italia,2021
VALLS Rafael,{2},giro-d-italia,2021
MARENGO Umberto,{4},giro-d-italia,2021
VIVIANI Attilio,{4},giro-d-italia,2021
BATTAGLIN Enrico,{4},giro-d-italia,2021
NIV Guy,{2},giro-d-italia,2021
GABBURO Davide,{4},giro-d-italia,2021
ZOCCARATO Samuele,{4},giro-d-italia,2021
VERMEERSCH Gianni,{3},giro-d-italia,2021
FORTUNATO Lorenzo,{0},giro-d-italia,2021
PELLAUD Simon,{3},giro-d-italia,2021
VAN DER HOORN Taco,{4},giro-d-italia,2021
GUGLIELMI Simon,{4},giro-d-italia,2021
FIORELLI Filippo,{4},giro-d-italia,2021
CHRISTIAN Mark,{2},giro-d-italia,2021
DINA Márton,{4},giro-d-italia,2021
TESFATSION Natnael,{3},giro-d-italia,2021
VANHOUCKE Harm,{4},giro-d-italia,2021
VENCHIARUTTI Nicola,{4},giro-d-italia,2021
RUBIO Einer Augusto,{0},giro-d-italia,2021
KRISTOFF Alexander,{2},tour-de-france,2018
DEGENKOLB John,{2},tour-de-france,2018
DÉMARE Arnaud,{2},tour-de-france,2018
BOASSON HAGEN Edvald,{2},tour-de-france,2018
LAPORTE Christophe,{2},tour-de-france,2018
RICHEZE Maximiliano,{5},tour-de-france,2018
COLBRELLI Sonny,{5},tour-de-france,2018
SAGAN Peter,{4},tour-de-france,2018
PASQUALON Andrea,{5},tour-de-france,2018
DE BUYST Jasper,{5},tour-de-france,2018
DUPONT Timothy,{2},tour-de-france,2018
BOUDAT Thomas,{2},tour-de-france,2018
VANMARCKE Sep,{5},tour-de-france,2018
CORT Magnus,{2},tour-de-france,2018
NAESEN Oliver,{2},tour-de-france,2018
BENNATI Daniele,{2},tour-de-france,2018
ARNDT Nikias,{2},tour-de-france,2018
THEUNS Edward,{2},tour-de-france,2018
HAYMAN Mathew,{2},tour-de-france,2018
ROOSEN Timo,{5},tour-de-france,2018
IMPEY Daryl,{4},tour-de-france,2018
CARUSO Damiano,{3},tour-de-france,2018
STUYVEN Jasper,{4},tour-de-france,2018
SMITH Dion,{5},tour-de-france,2018
COUSIN Jérôme,{4},tour-de-france,2018
VALVERDE Alejandro,{3},tour-de-france,2018
PICHON Laurent,{0},tour-de-france,2018
POZZOVIVO Domenico,{3},tour-de-france,2018
ROGLIČ Primož,{3},tour-de-france,2018
LAMPAERT Yves,{4},tour-de-france,2018
LATOUR Pierre,{3},tour-de-france,2018
MINNAARD Marco,{0},tour-de-france,2018
MARTIN Guillaume,{3},tour-de-france,2018
KRAGH ANDERSEN Søren,{0},tour-de-france,2018
OFFREDO Yoann,{5},tour-de-france,2018
DUMOULIN Tom,{3},tour-de-france,2018
KÜNG Stefan,{4},tour-de-france,2018
CALMEJANE Lilian,{4},tour-de-france,2018
KOCHETKOV Pavel,{0},tour-de-france,2018
KRUIJSWIJK Steven,{3},tour-de-france,2018
ZAKARIN Ilnur,{3},tour-de-france,2018
HAGA Chad,{2},tour-de-france,2018
AMADOR Andrey,{4},tour-de-france,2018
BAUER Jack,{5},tour-de-france,2018
LANDA Mikel,{3},tour-de-france,2018
GESINK Robert,{3},tour-de-france,2018
SIMON Julien,{5},tour-de-france,2018
VAN AVERMAET Greg,{4},tour-de-france,2018
HEPBURN Michael,{4},tour-de-france,2018
BODNAR Maciej,{4},tour-de-france,2018
BARGUIL Warren,{3},tour-de-france,2018
QUINTANA Nairo,{3},tour-de-france,2018
ERVITI Imanol,{2},tour-de-france,2018
BARDET Romain,{3},tour-de-france,2018
NIEVE Mikel,{3},tour-de-france,2018
TOLHOEK Antwan,{0},tour-de-france,2018
GERRANS Simon,{5},tour-de-france,2018
MOLARD Rudy,{0},tour-de-france,2018
CASTROVIEJO Jonathan,{0},tour-de-france,2018
VERMOTE Julien,{4},tour-de-france,2018
JUNGELS Bob,{3},tour-de-france,2018
FERRARI Roberto,{2},tour-de-france,2018
ĐURASEK Kristijan,{0},tour-de-france,2018
GUARNIERI Jacopo,{5},tour-de-france,2018
BERNAL Egan,{3},tour-de-france,2018
TURGIS Anthony,{4},tour-de-france,2018
THOMAS Geraint,{3},tour-de-france,2018
MARTIN Dan,{3},tour-de-france,2018
FROOME Chris,{3},tour-de-france,2018
BURGHARDT Marcus,{2},tour-de-france,2018
KANGERT Tanel,{3},tour-de-france,2018
BOUET Maxime,{0},tour-de-france,2018
SOLER Marc,{0},tour-de-france,2018
DE GENDT Thomas,{4},tour-de-france,2018
DEGAND Thomas,{4},tour-de-france,2018
HAUSSLER Heinrich,{2},tour-de-france,2018
SLAGTER Tom-Jelte,{4},tour-de-france,2018
MARCZYŃSKI Tomasz,{5},tour-de-france,2018
ROWE Luke,{5},tour-de-france,2018
POELS Wout,{0},tour-de-france,2018
MARTENS Paul,{0},tour-de-france,2018
MARTÍNEZ Daniel Felipe,{4},tour-de-france,2018
NAVARRO Daniel,{0},tour-de-france,2018
GRELLIER Fabien,{2},tour-de-france,2018
LUDVIGSSON Tobias,{0},tour-de-france,2018
JANSE VAN RENSBURG Reinardt,{2},tour-de-france,2018
FRANK Mathias,{0},tour-de-france,2018
GAUDU David,{0},tour-de-france,2018
FUGLSANG Jakob,{3},tour-de-france,2018
LEDANOIS Kévin,{0},tour-de-france,2018
ROLLAND Pierre,{3},tour-de-france,2018
KOREN Kristijan,{4},tour-de-france,2018
POLJAŃSKI Paweł,{2},tour-de-france,2018
CLARKE Simon,{0},tour-de-france,2018
HANSEN Jesper,{0},tour-de-france,2018
VAN GARDEREN Tejay,{0},tour-de-france,2018
DE KORT Koen,{2},tour-de-france,2018
BOSWELL Ian,{0},tour-de-france,2018
YATES Adam,{0},tour-de-france,2018
EDET Nicolas,{4},tour-de-france,2018
SINKELDAM Ramon,{2},tour-de-france,2018
GESCHKE Simon,{3},tour-de-france,2018
THOMSON Jay Robert,{5},tour-de-france,2018
JANSEN Amund Grøndahl,{5},tour-de-france,2018
ALAPHILIPPE Julian,{4},tour-de-france,2018
CHAVANEL Sylvain,{4},tour-de-france,2018
TEN DAM Laurens,{0},tour-de-france,2018
IZAGIRRE Gorka,{3},tour-de-france,2018
TERPSTRA Niki,{2},tour-de-france,2018
MAJKA Rafał,{3},tour-de-france,2018
GESBERT Élie,{0},tour-de-france,2018
VACHON Florian,{2},tour-de-france,2018
VALGREN Michael,{0},tour-de-france,2018
LE GAC Olivier,{5},tour-de-france,2018
ATAPUMA Darwin,{0},tour-de-france,2018
DURBRIDGE Luke,{2},tour-de-france,2018
SCULLY Tom,{2},tour-de-france,2018
HARDY Romain,{5},tour-de-france,2018
OSS Daniel,{5},tour-de-france,2018
SICARD Romain,{2},tour-de-france,2018
VICHOT Arthur,{2},tour-de-france,2018
PELLIZOTTI Franco,{0},tour-de-france,2018
GOGL Michael,{5},tour-de-france,2018
FRAILE Omar,{4},tour-de-france,2018
HERRADA Jesús,{0},tour-de-france,2018
CLAEYS Dimitri,{5},tour-de-france,2018
MARCATO Marco,{5},tour-de-france,2018
SUTHERLAND Rory,{2},tour-de-france,2018
MOLLEMA Bauke,{0},tour-de-france,2018
SKUJIŅŠ Toms,{2},tour-de-france,2018
IZAGIRRE Ion,{3},tour-de-france,2018
TROIA Oliviero,{2},tour-de-france,2018
BERNARD Julien,{0},tour-de-france,2018
POLITT Nils,{2},tour-de-france,2018
KWIATKOWSKI Michał,{0},tour-de-france,2018
CRADDOCK Lawson,{5},tour-de-france,2018
VAN KEIRSBULCK Guillaume,{2},tour-de-france,2018
MOINARD Amaël,{0},tour-de-france,2018
SCHÄR Michael,{2},tour-de-france,2018
PHINNEY Taylor,{2},tour-de-france,2018
PEREZ Anthony,{4},tour-de-france,2018
MÜHLBERGER Gregor,{0},tour-de-france,2018
PÖSTLBERGER Lukas,{5},tour-de-france,2018
DILLIER Silvan,{2},tour-de-france,2018
GAUDIN Damien,{2},tour-de-france,2018
EWAN Caleb,{0},tour-de-france,2019
GROENEWEGEN Dylan,{0},tour-de-france,2019
BONIFAZIO Niccolò,{0},tour-de-france,2019
RICHEZE Maximiliano,{0},tour-de-france,2019
BOASSON HAGEN Edvald,{2},tour-de-france,2019
GREIPEL André,{0},tour-de-france,2019
TRENTIN Matteo,{2},tour-de-france,2019
STUYVEN Jasper,{2},tour-de-france,2019
ARNDT Nikias,{0},tour-de-france,2019
SAGAN Peter,{2},tour-de-france,2019
COLBRELLI Sonny,{0},tour-de-france,2019
HALLER Marco,{0},tour-de-france,2019
PASQUALON Andrea,{2},tour-de-france,2019
SIMON Julien,{0},tour-de-france,2019
HOULE Hugo,{0},tour-de-france,2019
DEBUSSCHERE Jens,{0},tour-de-france,2019
VALVERDE Alejandro,{4},tour-de-france,2019
VIVIANI Elia,{0},tour-de-france,2019
BONNET William,{0},tour-de-france,2019
BYSTRØM Sven Erik,{2},tour-de-france,2019
GARCÍA CORTINA Iván,{0},tour-de-france,2019
MARTIN Guillaume,{4},tour-de-france,2019
SKUJIŅŠ Toms,{2},tour-de-france,2019
BACKAERT Frederik,{0},tour-de-france,2019
KÜNG Stefan,{0},tour-de-france,2019
PÉRICHON Pierre-Luc,{2},tour-de-france,2019
TEUNISSEN Mike,{0},tour-de-france,2019
MATTHEWS Michael,{2},tour-de-france,2019
BERNAL Egan,{4},tour-de-france,2019
THOMAS Geraint,{4},tour-de-france,2019
CASTROVIEJO Jonathan,{4},tour-de-france,2019
DE KORT Koen,{0},tour-de-france,2019
MØRKØV Michael,{0},tour-de-france,2019
MEURISSE Xandro,{4},tour-de-france,2019
LANGEVELD Sebastian,{0},tour-de-france,2019
KRUIJSWIJK Steven,{4},tour-de-france,2019
IZAGIRRE Gorka,{2},tour-de-france,2019
QUINTANA Nairo,{4},tour-de-france,2019
CLARKE Simon,{2},tour-de-france,2019
URÁN Rigoberto,{4},tour-de-france,2019
BARGUIL Warren,{4},tour-de-france,2019
GRELLIER Fabien,{0},tour-de-france,2019
KING Ben,{2},tour-de-france,2019
DE PLUS Laurens,{4},tour-de-france,2019
ROUX Anthony,{0},tour-de-france,2019
MÜHLBERGER Gregor,{4},tour-de-france,2019
BUCHMANN Emanuel,{4},tour-de-france,2019
JANSE VAN RENSBURG Reinardt,{0},tour-de-france,2019
JANSEN Amund Grøndahl,{0},tour-de-france,2019
LANDA Mikel,{4},tour-de-france,2019
ERVITI Imanol,{0},tour-de-france,2019
BERNARD Julien,{4},tour-de-france,2019
LAMPAERT Yves,{0},tour-de-france,2019
CHEREL Mikaël,{4},tour-de-france,2019
KREUZIGER Roman,{4},tour-de-france,2019
KLUGE Roger,{0},tour-de-france,2019
POELS Wout,{4},tour-de-france,2019
BETTIOL Alberto,{2},tour-de-france,2019
SCHÄR Michael,{2},tour-de-france,2019
MOLARD Rudy,{4},tour-de-france,2019
VACHON Florian,{0},tour-de-france,2019
LUTSENKO Alexey,{4},tour-de-france,2019
DE BUYST Jasper,{0},tour-de-france,2019
DE GENDT Aimé,{0},tour-de-france,2019
DELAPLACE Anthony,{0},tour-de-france,2019
WOODS Michael,{4},tour-de-france,2019
ALAPHILIPPE Julian,{4},tour-de-france,2019
KANGERT Tanel,{4},tour-de-france,2019
HENAO Sergio,{2},tour-de-france,2019
CICCONE Giulio,{4},tour-de-france,2019
TURGIS Anthony,{0},tour-de-france,2019
CALMEJANE Lilian,{0},tour-de-france,2019
GESBERT Élie,{0},tour-de-france,2019
BERHANE Natnael,{2},tour-de-france,2019
DE GENDT Thomas,{2},tour-de-france,2019
TEUNS Dylan,{2},tour-de-france,2019
EIKING Odd Christian,{0},tour-de-france,2019
VAN MELSEN Kévin,{0},tour-de-france,2019
LAENGEN Vegard Stake,{2},tour-de-france,2019
WIŚNIOWSKI Łukasz,{0},tour-de-france,2019
ROSSKOPF Joey,{0},tour-de-france,2019
GAUDU David,{4},tour-de-france,2019
BENOOT Tiesj,{4},tour-de-france,2019
BARDET Romain,{4},tour-de-france,2019
VUILLERMOZ Alexis,{4},tour-de-france,2019
ARU Fabio,{4},tour-de-france,2019
MOSCON Gianni,{0},tour-de-france,2019
VAN BAARLE Dylan,{0},tour-de-france,2019
BAK Lars Ytting,{0},tour-de-france,2019
PORTE Richie,{4},tour-de-france,2019
NIBALI Vincenzo,{4},tour-de-france,2019
MOHORIČ Matej,{0},tour-de-france,2019
OLIVEIRA Nelson,{2},tour-de-france,2019
YATES Adam,{4},tour-de-france,2019
BILBAO Pello,{4},tour-de-france,2019
HERRADA Jesús,{2},tour-de-france,2019
MAS Enric,{4},tour-de-france,2019
VAN AVERMAET Greg,{2},tour-de-france,2019
HAIG Jack,{4},tour-de-france,2019
COSTA Rui,{2},tour-de-france,2019
LEDANOIS Kévin,{0},tour-de-france,2019
BOUET Maxime,{2},tour-de-france,2019
OSS Daniel,{2},tour-de-france,2019
CARUSO Damiano,{0},tour-de-france,2019
LADAGNOUS Matthieu,{0},tour-de-france,2019
REICHENBACH Sébastien,{4},tour-de-france,2019
FELLINE Fabio,{0},tour-de-france,2019
ASGREEN Kasper,{2},tour-de-france,2019
MARTIN Dan,{4},tour-de-france,2019
VALGREN Michael,{0},tour-de-france,2019
KRISTOFF Alexander,{0},tour-de-france,2019
GESCHKE Simon,{4},tour-de-france,2019
PAUWELS Serge,{0},tour-de-france,2019
MONFORT Maxime,{0},tour-de-france,2019
SICARD Romain,{0},tour-de-france,2019
OURSELIN Paul,{0},tour-de-france,2019
PEREZ Anthony,{2},tour-de-france,2019
ROSSETTO Stéphane,{0},tour-de-france,2019
DOWSETT Alex,{0},tour-de-france,2019
POLITT Nils,{2},tour-de-france,2019
YATES Simon,{4},tour-de-france,2019
MOINARD Amaël,{0},tour-de-france,2019
HAGA Chad,{0},tour-de-france,2019
GONÇALVES José,{0},tour-de-france,2019
IMPEY Daryl,{0},tour-de-france,2019
FRAILE Omar,{2},tour-de-france,2019
AMADOR Andrey,{2},tour-de-france,2019
KÄMNA Lennard,{4},tour-de-france,2019
BURGHARDT Marcus,{0},tour-de-france,2019
ZAKARIN Ilnur,{2},tour-de-france,2019
TAARAMÄE Rein,{4},tour-de-france,2019
FRANK Mathias,{2},tour-de-france,2019
GOUGEARD Alexis,{2},tour-de-france,2019
COSNEFROY Benoît,{0},tour-de-france,2019
VERONA Carlos,{0},tour-de-france,2019
SOLER Marc,{4},tour-de-france,2019
ROCHE Nicolas,{2},tour-de-france,2019
CUMMINGS Steve,{0},tour-de-france,2019
CORT Magnus,{0},tour-de-france,2019
MOLLEMA Bauke,{2},tour-de-france,2019
HEPBURN Michael,{0},tour-de-france,2019
DURBRIDGE Luke,{0},tour-de-france,2019
JUUL-JENSEN Christopher,{2},tour-de-france,2019
WELLENS Tim,{0},tour-de-france,2019
DEVENYNS Dries,{0},tour-de-france,2019
OFFREDO Yoann,{0},tour-de-france,2019
KONRAD Patrick,{4},tour-de-france,2019
KEUKELEIRE Jens,{2},tour-de-france,2019
GALLOPIN Tony,{4},tour-de-france,2019
KWIATKOWSKI Michał,{2},tour-de-france,2019
BENNETT George,{4},tour-de-france,2019
SCULLY Tom,{2},tour-de-france,2019
NAESEN Oliver,{0},tour-de-france,2019
TRATNIK Jan,{0},tour-de-france,2019
WÜRTZ SCHMIDT Mads,{0},tour-de-france,2019
BENNETT Sam,{1},tour-de-france,2020
PEDERSEN Mads,{1},tour-de-france,2020
SAGAN Peter,{0},tour-de-france,2020
KRISTOFF Alexander,{1},tour-de-france,2020
VIVIANI Elia,{1},tour-de-france,2020
VAN AERT Wout,{2},tour-de-france,2020
EWAN Caleb,{1},tour-de-france,2020
HOFSTETTER Hugo,{0},tour-de-france,2020
COQUARD Bryan,{0},tour-de-france,2020
WALSCHEID Max,{1},tour-de-france,2020
COLBRELLI Sonny,{0},tour-de-france,2020
BOASSON HAGEN Edvald,{0},tour-de-france,2020
MEZGEC Luka,{0},tour-de-france,2020
BONIFAZIO Niccolò,{1},tour-de-france,2020
RUSSO Clément,{1},tour-de-france,2020
VENTURINI Clément,{0},tour-de-france,2020
TRENTIN Matteo,{0},tour-de-france,2020
BOL Cees,{1},tour-de-france,2020
STUYVEN Jasper,{0},tour-de-france,2020
VAN ASBROECK Tom,{0},tour-de-france,2020
REZA Kévin,{1},tour-de-france,2020
HALLER Marco,{1},tour-de-france,2020
BAUER Jack,{0},tour-de-france,2020
NAESEN Oliver,{0},tour-de-france,2020
TURGIS Anthony,{0},tour-de-france,2020
MØRKØV Michael,{1},tour-de-france,2020
MOHORIČ Matej,{0},tour-de-france,2020
KOCH Jonas,{1},tour-de-france,2020
CONSONNI Simone,{0},tour-de-france,2020
KEUKELEIRE Jens,{0},tour-de-france,2020
SOUPE Geoffrey,{1},tour-de-france,2020
ROJAS José Joaquín,{0},tour-de-france,2020
BARTHE Cyril,{0},tour-de-france,2020
MOLARD Rudy,{0},tour-de-france,2020
BILBAO Pello,{2},tour-de-france,2020
LANDA Mikel,{2},tour-de-france,2020
DUMOULIN Tom,{2},tour-de-france,2020
POLANC Jan,{0},tour-de-france,2020
ROGLIČ Primož,{2},tour-de-france,2020
VALVERDE Alejandro,{2},tour-de-france,2020
POGAČAR Tadej,{2},tour-de-france,2020
MAS Enric,{2},tour-de-france,2020
BETTIOL Alberto,{0},tour-de-france,2020
DE BUYST Jasper,{1},tour-de-france,2020
JANSEN Amund Grøndahl,{1},tour-de-france,2020
CATALDO Dario,{0},tour-de-france,2020
YATES Adam,{2},tour-de-france,2020
IZAGIRRE Gorka,{0},tour-de-france,2020
ERVITI Imanol,{0},tour-de-france,2020
LAPORTE Christophe,{0},tour-de-france,2020
NIEUWENHUIS Joris,{0},tour-de-france,2020
CHAVES Esteban,{0},tour-de-france,2020
LUTSENKO Alexey,{0},tour-de-france,2020
OLIVEIRA Nelson,{0},tour-de-france,2020
LAENGEN Vegard Stake,{0},tour-de-france,2020
URÁN Rigoberto,{2},tour-de-france,2020
SÁNCHEZ Luis León,{0},tour-de-france,2020
SCHÄR Michael,{0},tour-de-france,2020
LÓPEZ Miguel Ángel,{2},tour-de-france,2020
VERONA Carlos,{2},tour-de-france,2020
BARGUIL Warren,{2},tour-de-france,2020
PORTE Richie,{2},tour-de-france,2020
KUSS Sepp,{2},tour-de-france,2020
CARUSO Damiano,{2},tour-de-france,2020
ASGREEN Kasper,{1},tour-de-france,2020
VUILLERMOZ Alexis,{0},tour-de-france,2020
ELISSONDE Kenny,{2},tour-de-france,2020
CHEREL Mikaël,{0},tour-de-france,2020
VAN BAARLE Dylan,{0},tour-de-france,2020
SKUJIŅŠ Toms,{0},tour-de-france,2020
FRAILE Omar,{0},tour-de-france,2020
MARTÍNEZ Daniel Felipe,{0},tour-de-france,2020
ROLLAND Pierre,{0},tour-de-france,2020
HOULE Hugo,{0},tour-de-france,2020
POELS Wout,{1},tour-de-france,2020
JUUL-JENSEN Christopher,{0},tour-de-france,2020
PINOT Thibaut,{0},tour-de-france,2020
POWLESS Neilson,{0},tour-de-france,2020
GESINK Robert,{0},tour-de-france,2020
QUINTANA Nairo,{0},tour-de-france,2020
MADOUAS Valentin,{0},tour-de-france,2020
GIBBONS Ryan,{1},tour-de-france,2020
EG Niklas,{0},tour-de-france,2020
TEJADA Harold,{0},tour-de-france,2020
AMADOR Andrey,{0},tour-de-france,2020
ROWE Luke,{1},tour-de-france,2020
ARNDT Nikias,{1},tour-de-france,2020
DEVENYNS Dries,{0},tour-de-france,2020
MARTIN Dan,{0},tour-de-france,2020
OSS Daniel,{0},tour-de-france,2020
CHEVALIER Maxime,{1},tour-de-france,2020
GAUTIER Cyril,{0},tour-de-france,2020
QUINTANA Dayer,{0},tour-de-france,2020
JUNGELS Bob,{0},tour-de-france,2020
PACHER Quentin,{0},tour-de-france,2020
GROßSCHARTNER Felix,{0},tour-de-france,2020
KÄMNA Lennard,{0},tour-de-france,2020
LADAGNOUS Matthieu,{0},tour-de-france,2020
GESCHKE Simon,{0},tour-de-france,2020
NIV Guy,{0},tour-de-france,2020
HERMANS Ben,{0},tour-de-france,2020
CARAPAZ Richard,{2},tour-de-france,2020
ANACONA Winner,{0},tour-de-france,2020
NEILANDS Krists,{0},tour-de-france,2020
MARTIN Guillaume,{2},tour-de-france,2020
REICHENBACH Sébastien,{0},tour-de-france,2020
MARCATO Marco,{0},tour-de-france,2020
POLITT Nils,{0},tour-de-france,2020
DE GENDT Thomas,{0},tour-de-france,2020
LEDANOIS Kévin,{0},tour-de-france,2020
HERRADA Jesús,{0},tour-de-france,2020
PETERS Nans,{0},tour-de-france,2020
KLUGE Roger,{1},tour-de-france,2020
PÉRICHON Pierre-Luc,{0},tour-de-france,2020
VAN AVERMAET Greg,{0},tour-de-france,2020
IMPEY Daryl,{0},tour-de-france,2020
KRAGH ANDERSEN Søren,{0},tour-de-france,2020
DECLERCQ Tim,{1},tour-de-france,2020
ALAPHILIPPE Julian,{0},tour-de-france,2020
CAVAGNA Rémi,{1},tour-de-france,2020
PEDERSEN Casper,{0},tour-de-france,2020
BENOOT Tiesj,{0},tour-de-france,2020
SICARD Romain,{0},tour-de-france,2020
FRISON Frederik,{1},tour-de-france,2020
GRELLIER Fabien,{1},tour-de-france,2020
EDET Nicolas,{0},tour-de-france,2020
SIVAKOV Pavel,{1},tour-de-france,2020
DE LA CRUZ David,{1},tour-de-france,2020
SOLER Marc,{0},tour-de-france,2020
HIRT Jan,{0},tour-de-france,2020
SCHACHMANN Maximilian,{0},tour-de-france,2020
MARTIN Tony,{1},tour-de-france,2020
VAN GARDEREN Tejay,{0},tour-de-france,2020
BUCHMANN Emanuel,{0},tour-de-france,2020
CARTHY Hugh,{0},tour-de-france,2020
SWIFT Connor,{0},tour-de-france,2020
COSNEFROY Benoît,{1},tour-de-france,2020
HIRSCHI Marc,{0},tour-de-france,2020
DE MARCHI Alessandro,{0},tour-de-france,2020
KWIATKOWSKI Michał,{0},tour-de-france,2020
BURGAUDEAU Mathieu,{1},tour-de-france,2020
THEUNS Edward,{1},tour-de-france,2020
KREUZIGER Roman,{0},tour-de-france,2020
ROCHE Nicolas,{0},tour-de-france,2020
BENNETT George,{0},tour-de-france,2020
VALGREN Michael,{0},tour-de-france,2020
VAN AERT Wout,{0},tour-de-france,2021
PHILIPSEN Jasper,{1},tour-de-france,2021
CAVENDISH Mark,{1},tour-de-france,2021
MEZGEC Luka,{1},tour-de-france,2021
GREIPEL André,{1},tour-de-france,2021
VAN POPPEL Danny,{1},tour-de-france,2021
MATTHEWS Michael,{2},tour-de-france,2021
ARANBURU Alex,{2},tour-de-france,2021
BARTHE Cyril,{1},tour-de-france,2021
WALSCHEID Max,{3},tour-de-france,2021
OSS Daniel,{1},tour-de-france,2021
GARCÍA CORTINA Iván,{1},tour-de-france,2021
COLBRELLI Sonny,{2},tour-de-france,2021
DILLIER Silvan,{3},tour-de-france,2021
CORT Magnus,{2},tour-de-france,2021
PÖSTLBERGER Lukas,{1},tour-de-france,2021
PEREZ Anthony,{1},tour-de-france,2021
PEDERSEN Mads,{1},tour-de-france,2021
SWIFT Connor,{1},tour-de-france,2021
ARCAS Jorge,{2},tour-de-france,2021
BOL Cees,{1},tour-de-france,2021
TEUNISSEN Mike,{3},tour-de-france,2021
ZABEL Rick,{1},tour-de-france,2021
SIMON Julien,{1},tour-de-france,2021
EEKHOFF Nils,{1},tour-de-france,2021
GESBERT Élie,{3},tour-de-france,2021
SCHÄR Michael,{2},tour-de-france,2021
SBARAGLI Kristian,{1},tour-de-france,2021
BOIVIN Guillaume,{1},tour-de-france,2021
GODON Dorian,{2},tour-de-france,2021
POLITT Nils,{3},tour-de-france,2021
O'CONNOR Ben,{0},tour-de-france,2021
KELDERMAN Wilco,{0},tour-de-france,2021
VAN BAARLE Dylan,{2},tour-de-france,2021
MADOUAS Valentin,{2},tour-de-france,2021
KUSS Sepp,{2},tour-de-france,2021
LAPORTE Christophe,{3},tour-de-france,2021
HALLER Marco,{1},tour-de-france,2021
STUYVEN Jasper,{3},tour-de-france,2021
BAKELANTS Jan,{2},tour-de-france,2021
RICKAERT Jonas,{1},tour-de-france,2021
MØRKØV Michael,{1},tour-de-france,2021
WRIGHT Fred,{2},tour-de-france,2021
LUTSENKO Alexey,{0},tour-de-france,2021
BERNARD Julien,{0},tour-de-france,2021
KÜNG Stefan,{3},tour-de-france,2021
ERVITI Imanol,{3},tour-de-france,2021
MARTIN Guillaume,{0},tour-de-france,2021
MEINTJES Louis,{0},tour-de-france,2021
VAN AVERMAET Greg,{1},tour-de-france,2021
GILBERT Philippe,{1},tour-de-france,2021
VALVERDE Alejandro,{2},tour-de-france,2021
VAN POPPEL Boy,{1},tour-de-france,2021
RODRÍGUEZ Cristián,{2},tour-de-france,2021
WALLAYS Jelle,{1},tour-de-france,2021
MAS Enric,{0},tour-de-france,2021
ARMIRAIL Bruno,{1},tour-de-france,2021
DE LA PARTE Víctor,{2},tour-de-france,2021
SKUJIŅŠ Toms,{2},tour-de-france,2021
BJERG Mikkel,{1},tour-de-france,2021
MCNULTY Brandon,{1},tour-de-france,2021
GUERREIRO Ruben,{0},tour-de-france,2021
BISSEGGER Stefan,{1},tour-de-france,2021
RUTSCH Jonas,{3},tour-de-france,2021
LAENGEN Vegard Stake,{1},tour-de-france,2021
PARET-PEINTRE Aurélien,{0},tour-de-france,2021
CHAVES Esteban,{0},tour-de-france,2021
HIRSCHI Marc,{1},tour-de-france,2021
FORMOLO Davide,{1},tour-de-france,2021
MAJKA Rafał,{2},tour-de-france,2021
QUINTANA Nairo,{0},tour-de-france,2021
POGAČAR Tadej,{0},tour-de-france,2021
COSTA Rui,{2},tour-de-france,2021
LATOUR Pierre,{2},tour-de-france,2021
BILBAO Pello,{0},tour-de-france,2021
ROTA Lorenzo,{2},tour-de-france,2021
HOLLENSTEIN Reto,{1},tour-de-france,2021
CASTROVIEJO Jonathan,{0},tour-de-france,2021
BALLERINI Davide,{3},tour-de-france,2021
BENNETT Sean,{1},tour-de-france,2021
POWLESS Neilson,{2},tour-de-france,2021
GAUTIER Cyril,{1},tour-de-france,2021
BONNAMOUR Franck,{0},tour-de-france,2021
BARBERO Carlos,{1},tour-de-france,2021
IZAGIRRE Ion,{0},tour-de-france,2021
CHEVALIER Maxime,{2},tour-de-france,2021
MEURISSE Xandro,{2},tour-de-france,2021
CARAPAZ Richard,{0},tour-de-france,2021
GOLDSTEIN Omer,{1},tour-de-france,2021
FROOME Chris,{1},tour-de-france,2021
TEUNS Dylan,{0},tour-de-france,2021
URÁN Rigoberto,{0},tour-de-france,2021
KONRAD Patrick,{2},tour-de-france,2021
FERNÁNDEZ Rubén,{2},tour-de-france,2021
GRUZDEV Dmitriy,{1},tour-de-france,2021
ROLLAND Pierre,{2},tour-de-france,2021
VINGEGAARD Jonas,{0},tour-de-france,2021
HENAO Sergio,{0},tour-de-france,2021
NAESEN Oliver,{1},tour-de-france,2021
GAUDU David,{0},tour-de-france,2021
GEOGHEGAN HART Tao,{1},tour-de-france,2021
NIEUWENHUIS Joris,{1},tour-de-france,2021
DURBRIDGE Luke,{1},tour-de-france,2021
PEDERSEN Casper,{3},tour-de-france,2021
MOLLEMA Bauke,{0},tour-de-france,2021
ASGREEN Kasper,{1},tour-de-france,2021
THEUNS Edward,{3},tour-de-france,2021
POELS Wout,{0},tour-de-france,2021
DE GENDT Thomas,{2},tour-de-france,2021
PACHER Quentin,{2},tour-de-france,2021
MOHORIČ Matej,{0},tour-de-france,2021
PÉRICHON Pierre-Luc,{2},tour-de-france,2021
FRAILE Omar,{1},tour-de-france,2021
PORTE Richie,{2},tour-de-france,2021
THOMAS Geraint,{2},tour-de-france,2021
KWIATKOWSKI Michał,{2},tour-de-france,2021
BUCHMANN Emanuel,{2},tour-de-france,2021
MARTIN Dan,{2},tour-de-france,2021
HERRADA Jesús,{2},tour-de-france,2021
GESCHKE Simon,{2},tour-de-france,2021
COSNEFROY Benoît,{2},tour-de-france,2021
ZIMMERMANN Georg,{3},tour-de-france,2021
CATTANEO Mattia,{0},tour-de-france,2021
DEVENYNS Dries,{1},tour-de-france,2021
JUUL-JENSEN Christopher,{1},tour-de-france,2021
DOUBEY Fabien,{2},tour-de-france,2021
SWEENY Harry,{1},tour-de-france,2021
CLARKE Simon,{3},tour-de-france,2021
VERONA Carlos,{2},tour-de-france,2021
CABOT Jérémy,{1},tour-de-france,2021
VAN MOER Brent,{3},tour-de-france,2021
DONOVAN Mark,{0},tour-de-france,2021
SCHELLING Ide,{1},tour-de-france,2021
VAKOČ Petr,{1},tour-de-france,2021
ALAPHILIPPE Julian,{0},tour-de-france,2021
VALGREN Michael,{3},tour-de-france,2021
HIGUITA Sergio,{2},tour-de-france,2021
DECLERCQ Tim,{1},tour-de-france,2021
HOULE Hugo,{2},tour-de-france,2021
ELISSONDE Kenny,{0},tour-de-france,2021
TURGIS Anthony,{3},tour-de-france,2021
VIVIANI Elia,{2},vuelta-a-espana,2018
SAGAN Peter,{2},vuelta-a-espana,2018
NIZZOLO Giacomo,{2},vuelta-a-espana,2018
VAN POPPEL Danny,{2},vuelta-a-espana,2018
SARREAU Marc,{2},vuelta-a-espana,2018
ABERASTURI Jon,{2},vuelta-a-espana,2018
CONSONNI Simone,{2},vuelta-a-espana,2018
TRENTIN Matteo,{2},vuelta-a-espana,2018
VAN ASBROECK Tom,{0},vuelta-a-espana,2018
GIBBONS Ryan,{0},vuelta-a-espana,2018
WALSCHEID Max,{2},vuelta-a-espana,2018
VAN DER SANDE Tosh,{2},vuelta-a-espana,2018
BAGÜES Aritz,{1},vuelta-a-espana,2018
MEZGEC Luka,{2},vuelta-a-espana,2018
FRAILE Omar,{0},vuelta-a-espana,2018
SOTO Nelson Andrés,{2},vuelta-a-espana,2018
VENTOSO Francisco José,{2},vuelta-a-espana,2018
EZQUERRA Jesús,{0},vuelta-a-espana,2018
GARCÍA CORTINA Iván,{0},vuelta-a-espana,2018
MAS Lluís,{1},vuelta-a-espana,2018
PRADES Eduard,{0},vuelta-a-espana,2018
CUBERO Jorge,{0},vuelta-a-espana,2018
RESTREPO Jhonatan,{2},vuelta-a-espana,2018
VALVERDE Alejandro,{1},vuelta-a-espana,2018
KELDERMAN Wilco,{1},vuelta-a-espana,2018
SABATINI Fabio,{2},vuelta-a-espana,2018
IZAGIRRE Ion,{1},vuelta-a-espana,2018
LASTRA Jonathan,{2},vuelta-a-espana,2018
ROCHE Nicolas,{1},vuelta-a-espana,2018
GALLOPIN Tony,{1},vuelta-a-espana,2018
HOLLENSTEIN Reto,{1},vuelta-a-espana,2018
YATES Simon,{1},vuelta-a-espana,2018
IZAGIRRE Gorka,{1},vuelta-a-espana,2018
KOCHETKOV Pavel,{0},vuelta-a-espana,2018
KING Ben,{1},vuelta-a-espana,2018
CAMPENAERTS Victor,{0},vuelta-a-espana,2018
MCCARTHY Jay,{0},vuelta-a-espana,2018
ZEITS Andrey,{0},vuelta-a-espana,2018
MOLARD Rudy,{1},vuelta-a-espana,2018
MAS Enric,{1},vuelta-a-espana,2018
BILBAO Pello,{1},vuelta-a-espana,2018
LÓPEZ Miguel Ángel,{1},vuelta-a-espana,2018
ALBASINI Michael,{2},vuelta-a-espana,2018
ERVITI Imanol,{0},vuelta-a-espana,2018
MOLINA Antonio,{2},vuelta-a-espana,2018
BRAMBILLA Gianluca,{1},vuelta-a-espana,2018
PINOT Thibaut,{1},vuelta-a-espana,2018
DELAGE Mickaël,{2},vuelta-a-espana,2018
IRIZAR Markel,{2},vuelta-a-espana,2018
URÁN Rigoberto,{1},vuelta-a-espana,2018
KRUIJSWIJK Steven,{1},vuelta-a-espana,2018
LAENGEN Vegard Stake,{2},vuelta-a-espana,2018
DE TIER Floris,{1},vuelta-a-espana,2018
PIBERNIK Luka,{2},vuelta-a-espana,2018
FRÖHLINGER Johannes,{2},vuelta-a-espana,2018
MORENO Daniel,{1},vuelta-a-espana,2018
HENAO Sergio,{1},vuelta-a-espana,2018
QUINTANA Nairo,{1},vuelta-a-espana,2018
BUCHMANN Emanuel,{1},vuelta-a-espana,2018
PETERS Nans,{0},vuelta-a-espana,2018
PUCCIO Salvatore,{0},vuelta-a-espana,2018
CLARKE Simon,{0},vuelta-a-espana,2018
MENDES José,{0},vuelta-a-espana,2018
ARU Fabio,{1},vuelta-a-espana,2018
SCHWARZMANN Michael,{2},vuelta-a-espana,2018
SCHULTZ Nick,{0},vuelta-a-espana,2018
RODRÍGUEZ Cristián,{1},vuelta-a-espana,2018
CARAPAZ Richard,{1},vuelta-a-espana,2018
MONFORT Maxime,{1},vuelta-a-espana,2018
GASTAUER Ben,{1},vuelta-a-espana,2018
STALNOV Nikita,{2},vuelta-a-espana,2018
CATALDO Dario,{0},vuelta-a-espana,2018
CONTI Valerio,{0},vuelta-a-espana,2018
VINCENT Léo,{1},vuelta-a-espana,2018
CASTROVIEJO Jonathan,{0},vuelta-a-espana,2018
GEOGHEGAN HART Tao,{0},vuelta-a-espana,2018
RAVASI Edward,{1},vuelta-a-espana,2018
BIZKARRA Mikel,{1},vuelta-a-espana,2018
KUDUS Merhawi,{1},vuelta-a-espana,2018
MATÉ Luis Ángel,{2},vuelta-a-espana,2018
ROSSKOPF Joey,{1},vuelta-a-espana,2018
ANACONA Winner,{0},vuelta-a-espana,2018
HOWSON Damien,{0},vuelta-a-espana,2018
RODRÍGUEZ Óscar,{0},vuelta-a-espana,2018
HERRADA Jesús,{1},vuelta-a-espana,2018
BENNATI Daniele,{2},vuelta-a-espana,2018
MAJKA Rafał,{1},vuelta-a-espana,2018
DUPONT Hubert,{1},vuelta-a-espana,2018
AMADOR Andrey,{1},vuelta-a-espana,2018
ARMÉE Sander,{0},vuelta-a-espana,2018
SÁEZ Héctor,{0},vuelta-a-espana,2018
GHEBREIGZABHIER Amanuel,{0},vuelta-a-espana,2018
HAIG Jack,{1},vuelta-a-espana,2018
EDMONDSON Alex,{2},vuelta-a-espana,2018
ROSSETTO Stéphane,{1},vuelta-a-espana,2018
TUSVELD Martijn,{0},vuelta-a-espana,2018
PARDILLA Sergio,{1},vuelta-a-espana,2018
HERRADA José,{1},vuelta-a-espana,2018
BOOM Lars,{2},vuelta-a-espana,2018
REIJNEN Kiel,{2},vuelta-a-espana,2018
NIBALI Vincenzo,{0},vuelta-a-espana,2018
GENIEZ Alexandre,{0},vuelta-a-espana,2018
CHEREL Mikaël,{0},vuelta-a-espana,2018
ZAKARIN Ilnur,{1},vuelta-a-espana,2018
DE LA CRUZ David,{1},vuelta-a-espana,2018
BOOKWALTER Brent,{1},vuelta-a-espana,2018
STORER Michael,{2},vuelta-a-espana,2018
HINDLEY Jai,{1},vuelta-a-espana,2018
MØRKØV Michael,{2},vuelta-a-espana,2018
DEVENYNS Dries,{2},vuelta-a-espana,2018
BENOOT Tiesj,{0},vuelta-a-espana,2018
KUSS Sepp,{1},vuelta-a-espana,2018
BYSTRØM Sven Erik,{2},vuelta-a-espana,2018
ASGREEN Kasper,{2},vuelta-a-espana,2018
MACHADO Tiago,{0},vuelta-a-espana,2018
OLIVEIRA Nelson,{0},vuelta-a-espana,2018
TEUNISSEN Mike,{2},vuelta-a-espana,2018
PELLIZOTTI Franco,{0},vuelta-a-espana,2018
ARANBURU Alex,{2},vuelta-a-espana,2018
BRAVO Garikoitz,{2},vuelta-a-espana,2018
TORRES Pablo,{2},vuelta-a-espana,2018
BOL Jetse,{2},vuelta-a-espana,2018
CABEDO Óscar,{0},vuelta-a-espana,2018
FORMOLO Davide,{1},vuelta-a-espana,2018
TEUNS Dylan,{1},vuelta-a-espana,2018
CUMMINGS Steve,{2},vuelta-a-espana,2018
WOODS Michael,{1},vuelta-a-espana,2018
VILLELLA Davide,{0},vuelta-a-espana,2018
ROLLAND Pierre,{1},vuelta-a-espana,2018
HIRT Jan,{1},vuelta-a-espana,2018
DE GENDT Thomas,{1},vuelta-a-espana,2018
WALLAYS Jelle,{2},vuelta-a-espana,2018
DE MARCHI Alessandro,{1},vuelta-a-espana,2018
LE TURNIER Mathias,{2},vuelta-a-espana,2018
BOSWELL Ian,{2},vuelta-a-espana,2018
ANTÓN Igor,{0},vuelta-a-espana,2018
FELLINE Fabio,{0},vuelta-a-espana,2018
PORTE Richie,{0},vuelta-a-espana,2018
KWIATKOWSKI Michał,{1},vuelta-a-espana,2018
RUBIO Diego,{2},vuelta-a-espana,2018
VAN ZYL Johann,{2},vuelta-a-espana,2018
LANGEVELD Sebastian,{2},vuelta-a-espana,2018
LEEZER Tom,{2},vuelta-a-espana,2018
YATES Adam,{1},vuelta-a-espana,2018
DUVAL Julien,{2},vuelta-a-espana,2018
SERRY Pieter,{0},vuelta-a-espana,2018
ITURRIA Mikel,{2},vuelta-a-espana,2018
BURGHARDT Marcus,{2},vuelta-a-espana,2018
LINDEMAN Bert-Jan,{2},vuelta-a-espana,2018
BENNETT George,{1},vuelta-a-espana,2018
MOLLEMA Bauke,{1},vuelta-a-espana,2018
DUCHESNE Antoine,{2},vuelta-a-espana,2018
MEINTJES Louis,{1},vuelta-a-espana,2018
THOMAS Benjamin,{2},vuelta-a-espana,2018
VANBILSEN Kenneth,{2},vuelta-a-espana,2018
BRÄNDLE Matthias,{2},vuelta-a-espana,2018
CHETOUT Loïc,{2},vuelta-a-espana,2018
DOCKER Mitchell,{2},vuelta-a-espana,2018
JAKOBSEN Fabio,{3},vuelta-a-espana,2019
BENNETT Sam,{0},vuelta-a-espana,2019
SAJNOK Szymon,{3},vuelta-a-espana,2019
ABERASTURI Jon,{3},vuelta-a-espana,2019
BOASSON HAGEN Edvald,{0},vuelta-a-espana,2019
THEUNS Edward,{3},vuelta-a-espana,2019
VAN DER SANDE Tosh,{3},vuelta-a-espana,2019
VENTURINI Clément,{3},vuelta-a-espana,2019
SARREAU Marc,{3},vuelta-a-espana,2019
SMITH Dion,{1},vuelta-a-espana,2019
DEGENKOLB John,{3},vuelta-a-espana,2019
FRAILE Omar,{0},vuelta-a-espana,2019
GAVIRIA Fernando,{3},vuelta-a-espana,2019
WALSCHEID Max,{0},vuelta-a-espana,2019
ARASHIRO Yukiya,{1},vuelta-a-espana,2019
BARTHE Cyril,{3},vuelta-a-espana,2019
KUZNETSOV Viacheslav,{3},vuelta-a-espana,2019
VALVERDE Alejandro,{2},vuelta-a-espana,2019
ROJAS José Joaquín,{1},vuelta-a-espana,2019
ERVITI Imanol,{1},vuelta-a-espana,2019
LÓPEZ Miguel Ángel,{2},vuelta-a-espana,2019
SOLER Marc,{2},vuelta-a-espana,2019
MAJKA Rafał,{2},vuelta-a-espana,2019
SÁNCHEZ Luis León,{1},vuelta-a-espana,2019
POGAČAR Tadej,{2},vuelta-a-espana,2019
TEUNS Dylan,{2},vuelta-a-espana,2019
SCHULTZ Nick,{2},vuelta-a-espana,2019
PERNSTEINER Hermann,{2},vuelta-a-espana,2019
BARCELÓ Fernando,{3},vuelta-a-espana,2019
SMIT Willie,{3},vuelta-a-espana,2019
ŠTYBAR Zdeněk,{1},vuelta-a-espana,2019
NIEVE Mikel,{2},vuelta-a-espana,2019
LUDVIGSSON Tobias,{2},vuelta-a-espana,2019
QUINTANA Nairo,{2},vuelta-a-espana,2019
KELDERMAN Wilco,{2},vuelta-a-espana,2019
CHAVES Esteban,{2},vuelta-a-espana,2019
SEIGLE Romain,{3},vuelta-a-espana,2019
OLIVEIRA Nelson,{1},vuelta-a-espana,2019
VENTER Jaco,{3},vuelta-a-espana,2019
KIRSCH Alex,{3},vuelta-a-espana,2019
HENAO Sebastián,{1},vuelta-a-espana,2019
HENAO Sergio,{3},vuelta-a-espana,2019
KNOX James,{2},vuelta-a-espana,2019
ARCAS Jorge,{3},vuelta-a-espana,2019
MADRAZO Ángel,{0},vuelta-a-espana,2019
GRMAY Tsgabu,{3},vuelta-a-espana,2019
VENTOSO Francisco José,{3},vuelta-a-espana,2019
LASTRA Jonathan,{0},vuelta-a-espana,2019
BAGÜES Aritz,{3},vuelta-a-espana,2019
STANNARD Ian,{0},vuelta-a-espana,2019
PUCCIO Salvatore,{3},vuelta-a-espana,2019
IZAGIRRE Gorka,{1},vuelta-a-espana,2019
CONTI Valerio,{3},vuelta-a-espana,2019
ARANBURU Alex,{0},vuelta-a-espana,2019
MOSCA Jacopo,{3},vuelta-a-espana,2019
KOCHETKOV Pavel,{0},vuelta-a-espana,2019
GROßSCHARTNER Felix,{2},vuelta-a-espana,2019
FRANKINY Kilian,{2},vuelta-a-espana,2019
BIDARD François,{2},vuelta-a-espana,2019
GODON Dorian,{3},vuelta-a-espana,2019
DE LA CRUZ David,{0},vuelta-a-espana,2019
MATÉ Luis Ángel,{1},vuelta-a-espana,2019
CRAS Steff,{0},vuelta-a-espana,2019
BATTAGLIN Enrico,{3},vuelta-a-espana,2019
HIGUITA Sergio,{2},vuelta-a-espana,2019
GUERREIRO Ruben,{2},vuelta-a-espana,2019
FABBRO Matteo,{1},vuelta-a-espana,2019
BOARO Manuele,{3},vuelta-a-espana,2019
RODRÍGUEZ Óscar,{2},vuelta-a-espana,2019
HAGEN Carl Fredrik,{2},vuelta-a-espana,2019
BENNETT George,{2},vuelta-a-espana,2019
HOFSTEDE Lennard,{3},vuelta-a-espana,2019
GESINK Robert,{2},vuelta-a-espana,2019
ROGLIČ Primož,{2},vuelta-a-espana,2019
KING Ben,{1},vuelta-a-espana,2019
STETINA Peter,{2},vuelta-a-espana,2019
HAUSSLER Heinrich,{3},vuelta-a-espana,2019
KUSS Sepp,{2},vuelta-a-espana,2019
PIBERNIK Luka,{3},vuelta-a-espana,2019
ARMÉE Sander,{0},vuelta-a-espana,2019
ATAPUMA Darwin,{1},vuelta-a-espana,2019
IZAGIRRE Ion,{2},vuelta-a-espana,2019
TUSVELD Martijn,{1},vuelta-a-espana,2019
CAVAGNA Rémi,{1},vuelta-a-espana,2019
CATALDO Dario,{0},vuelta-a-espana,2019
CHEVRIER Clément,{1},vuelta-a-espana,2019
BOUCHARD Geoffrey,{1},vuelta-a-espana,2019
EG Niklas,{1},vuelta-a-espana,2019
JAUREGUI Quentin,{0},vuelta-a-espana,2019
TROIA Oliviero,{3},vuelta-a-espana,2019
PADUN Mark,{0},vuelta-a-espana,2019
DLAMINI Nic,{0},vuelta-a-espana,2019
O'CONNOR Ben,{2},vuelta-a-espana,2019
MARTÍNEZ Daniel Felipe,{1},vuelta-a-espana,2019
TOUZÉ Damien,{3},vuelta-a-espana,2019
ARNDT Nikias,{0},vuelta-a-espana,2019
RICHEZE Maximiliano,{3},vuelta-a-espana,2019
ARMIRAIL Bruno,{0},vuelta-a-espana,2019
EDET Nicolas,{2},vuelta-a-espana,2019
LATOUR Pierre,{2},vuelta-a-espana,2019
GEOGHEGAN HART Tao,{2},vuelta-a-espana,2019
EZQUERRA Jesús,{3},vuelta-a-espana,2019
VILELA Ricardo,{0},vuelta-a-espana,2019
BRAMBILLA Gianluca,{1},vuelta-a-espana,2019
POWLESS Neilson,{1},vuelta-a-espana,2019
PEDERSEN Casper,{0},vuelta-a-espana,2019
STORER Michael,{3},vuelta-a-espana,2019
TILLER Rasmus,{3},vuelta-a-espana,2019
MARCZYŃSKI Tomasz,{1},vuelta-a-espana,2019
SÁEZ Héctor,{0},vuelta-a-espana,2019
SAMITIER Sergio,{1},vuelta-a-espana,2019
ITURRIA Mikel,{0},vuelta-a-espana,2019
POLJAŃSKI Paweł,{1},vuelta-a-espana,2019
GILBERT Philippe,{1},vuelta-a-espana,2019
RODRÍGUEZ Cristián,{1},vuelta-a-espana,2019
SERRANO Gonzalo,{3},vuelta-a-espana,2019
HERRADA José,{0},vuelta-a-espana,2019
PARDILLA Sergio,{0},vuelta-a-espana,2019
CHERNETSKI Sergei,{0},vuelta-a-espana,2019
BIZKARRA Mikel,{1},vuelta-a-espana,2019
BOL Jetse,{3},vuelta-a-espana,2019
CUBERO Jorge,{3},vuelta-a-espana,2019
POELS Wout,{1},vuelta-a-espana,2019
DOULL Owain,{1},vuelta-a-espana,2019
DILLIER Silvan,{1},vuelta-a-espana,2019
CABEDO Óscar,{0},vuelta-a-espana,2019
HOWSON Damien,{1},vuelta-a-espana,2019
FUGLSANG Jakob,{2},vuelta-a-espana,2019
ROSSETTO Stéphane,{0},vuelta-a-espana,2019
NAVARRO Daniel,{1},vuelta-a-espana,2019
MORABITO Steve,{1},vuelta-a-espana,2019
OWEN Logan,{3},vuelta-a-espana,2019
NOVAK Domen,{0},vuelta-a-espana,2019
VANHOUCKE Harm,{0},vuelta-a-espana,2019
DECLERCQ Tim,{0},vuelta-a-espana,2019
VAN HOOYDONCK Nathan,{3},vuelta-a-espana,2019
PEDRERO Antonio,{1},vuelta-a-espana,2019
MOLANO Juan Sebastián,{0},vuelta-a-espana,2019
ARCHBOLD Shane,{3},vuelta-a-espana,2019
WALLAYS Jelle,{3},vuelta-a-espana,2019
KOCH Jonas,{1},vuelta-a-espana,2019
CAPECCHI Eros,{3},vuelta-a-espana,2019
DOCKER Mitchell,{3},vuelta-a-espana,2019
BEWLEY Sam,{0},vuelta-a-espana,2019
BARTA Will,{0},vuelta-a-espana,2019
DE GENDT Thomas,{1},vuelta-a-espana,2019
MEINTJES Louis,{1},vuelta-a-espana,2019
REIJNEN Kiel,{3},vuelta-a-espana,2019
RUBIO Diego,{3},vuelta-a-espana,2019
BICO Nuno,{3},vuelta-a-espana,2019
BERNAS Paweł,{3},vuelta-a-espana,2019
POWER Robert,{1},vuelta-a-espana,2019
CRADDOCK Lawson,{0},vuelta-a-espana,2019
ACKERMANN Pascal,{2},vuelta-a-espana,2020
BENNETT Sam,{2},vuelta-a-espana,2020
KANTER Max,{2},vuelta-a-espana,2020
PHILIPSEN Jasper,{2},vuelta-a-espana,2020
SÜTTERLIN Jasha,{1},vuelta-a-espana,2020
MORIN Emmanuel,{2},vuelta-a-espana,2020
JANSE VAN RENSBURG Reinardt,{2},vuelta-a-espana,2020
MANZIN Lorrenzo,{2},vuelta-a-espana,2020
STANNARD Robert,{2},vuelta-a-espana,2020
ABERASTURI Jon,{2},vuelta-a-espana,2020
RÄIM Mihkel,{2},vuelta-a-espana,2020
LIEPIŅŠ Emīls,{2},vuelta-a-espana,2020
WRIGHT Fred,{2},vuelta-a-espana,2020
VAN DER SANDE Tosh,{2},vuelta-a-espana,2020
ROJAS José Joaquín,{1},vuelta-a-espana,2020
OLIVEIRA Ivo,{2},vuelta-a-espana,2020
ŠTYBAR Zdeněk,{2},vuelta-a-espana,2020
OLIVEIRA Rui,{2},vuelta-a-espana,2020
WIŚNIOWSKI Łukasz,{2},vuelta-a-espana,2020
CORT Magnus,{1},vuelta-a-espana,2020
ROUX Anthony,{1},vuelta-a-espana,2020
VINGEGAARD Jonas,{1},vuelta-a-espana,2020
SIMON Julien,{2},vuelta-a-espana,2020
PALUTA Michał,{2},vuelta-a-espana,2020
POELS Wout,{4},vuelta-a-espana,2020
BOL Jetse,{2},vuelta-a-espana,2020
MOLENAAR Alex,{2},vuelta-a-espana,2020
VALVERDE Alejandro,{4},vuelta-a-espana,2020
VLASOV Aleksandr,{4},vuelta-a-espana,2020
EZQUERRA Jesús,{2},vuelta-a-espana,2020
GROßSCHARTNER Felix,{4},vuelta-a-espana,2020
CARAPAZ Richard,{4},vuelta-a-espana,2020
HOFSTEDE Lennard,{1},vuelta-a-espana,2020
GODON Dorian,{1},vuelta-a-espana,2020
MARTIN Guillaume,{4},vuelta-a-espana,2020
GAUDU David,{4},vuelta-a-espana,2020
BAGÜES Aritz,{2},vuelta-a-espana,2020
MAS Enric,{4},vuelta-a-espana,2020
ROGLIČ Primož,{4},vuelta-a-espana,2020
BENNETT George,{4},vuelta-a-espana,2020
KUSS Sepp,{4},vuelta-a-espana,2020
IZAGIRRE Gorka,{4},vuelta-a-espana,2020
SCHWARZMANN Michael,{2},vuelta-a-espana,2020
ARMIRAIL Bruno,{1},vuelta-a-espana,2020
DE LA CRUZ David,{4},vuelta-a-espana,2020
OSORIO Juan Felipe,{2},vuelta-a-espana,2020
ERVITI Imanol,{1},vuelta-a-espana,2020
GOLDSTEIN Omer,{2},vuelta-a-espana,2020
NIEVE Mikel,{4},vuelta-a-espana,2020
MADRAZO Ángel,{1},vuelta-a-espana,2020
SMIT Willie,{2},vuelta-a-espana,2020
CHAMPOUSSIN Clément,{1},vuelta-a-espana,2020
MATÉ Luis Ángel,{1},vuelta-a-espana,2020
DEWULF Stan,{2},vuelta-a-espana,2020
HOLLENSTEIN Reto,{2},vuelta-a-espana,2020
MARTIN Dan,{4},vuelta-a-espana,2020
HENAO Sergio,{4},vuelta-a-espana,2020
PETERS Nans,{1},vuelta-a-espana,2020
GESINK Robert,{1},vuelta-a-espana,2020
CHAVES Esteban,{1},vuelta-a-espana,2020
BARBERO Carlos,{2},vuelta-a-espana,2020
MÄDER Gino,{4},vuelta-a-espana,2020
OLIVEIRA Nelson,{1},vuelta-a-espana,2020
MERTZ Rémy,{2},vuelta-a-espana,2020
GOOSSENS Kobe,{1},vuelta-a-espana,2020
EG Niklas,{2},vuelta-a-espana,2020
LAAS Martin,{2},vuelta-a-espana,2020
KUDUS Merhawi,{1},vuelta-a-espana,2020
SOLER Marc,{4},vuelta-a-espana,2020
GARCÍA Jhojan,{2},vuelta-a-espana,2020
AMADOR Andrey,{1},vuelta-a-espana,2020
VILELA Ricardo,{2},vuelta-a-espana,2020
VAN MOER Brent,{2},vuelta-a-espana,2020
DELAGE Mickaël,{2},vuelta-a-espana,2020
LASTRA Jonathan,{1},vuelta-a-espana,2020
AMEZQUETA Julen,{1},vuelta-a-espana,2020
ARCAS Jorge,{1},vuelta-a-espana,2020
SCHULTZ Nick,{1},vuelta-a-espana,2020
BUITRAGO Santiago,{1},vuelta-a-espana,2020
VAN BAARLE Dylan,{1},vuelta-a-espana,2020
MØRKØV Michael,{2},vuelta-a-espana,2020
VAN GARDEREN Tejay,{2},vuelta-a-espana,2020
CARTHY Hugh,{4},vuelta-a-espana,2020
LE GAC Olivier,{1},vuelta-a-espana,2020
SMITH Dion,{1},vuelta-a-espana,2020
PÉRICHON Pierre-Luc,{2},vuelta-a-espana,2020
ZIMMERMANN Georg,{1},vuelta-a-espana,2020
DAVIES Scott,{2},vuelta-a-espana,2020
OURSELIN Paul,{2},vuelta-a-espana,2020
CATTANEO Mattia,{4},vuelta-a-espana,2020
SERRANO Gonzalo,{1},vuelta-a-espana,2020
CEPEDA Jefferson Alveiro,{2},vuelta-a-espana,2020
GRMAY Tsgabu,{1},vuelta-a-espana,2020
FERRON Valentin,{2},vuelta-a-espana,2020
SICARD Romain,{1},vuelta-a-espana,2020
HIVERT Jonathan,{2},vuelta-a-espana,2020
BADILATTI Matteo,{2},vuelta-a-espana,2020
CABEDO Óscar,{1},vuelta-a-espana,2020
SOSA Iván Ramiro,{2},vuelta-a-espana,2020
EDMONDSON Alex,{2},vuelta-a-espana,2020
HERRADA José,{1},vuelta-a-espana,2020
VERONA Carlos,{1},vuelta-a-espana,2020
WURF Cameron,{2},vuelta-a-espana,2020
FROOME Chris,{2},vuelta-a-espana,2020
LÓPEZ Juan Pedro,{1},vuelta-a-espana,2020
FRAILE Omar,{1},vuelta-a-espana,2020
BARTA Will,{1},vuelta-a-espana,2020
ARENSMAN Thymen,{1},vuelta-a-espana,2020
RIES Michel,{1},vuelta-a-espana,2020
VAN DEN BERG Julius,{2},vuelta-a-espana,2020
SCOTSON Callum,{2},vuelta-a-espana,2020
SCHILLINGER Andreas,{2},vuelta-a-espana,2020
DE KORT Koen,{2},vuelta-a-espana,2020
INKELAAR Kevin,{2},vuelta-a-espana,2020
DE BOD Stefan,{2},vuelta-a-espana,2020
DYBALL Benjamin,{2},vuelta-a-espana,2020
LAFAY Victor,{2},vuelta-a-espana,2020
VALGREN Michael,{1},vuelta-a-espana,2020
WELLENS Tim,{2},vuelta-a-espana,2020
MARCZYŃSKI Tomasz,{2},vuelta-a-espana,2020
GASPAROTTO Enrico,{2},vuelta-a-espana,2020
DONOVAN Mark,{1},vuelta-a-espana,2020
ARANBURU Alex,{2},vuelta-a-espana,2020
RIABUSHENKO Alexandr,{2},vuelta-a-espana,2020
HIRT Jan,{1},vuelta-a-espana,2020
WOODS Michael,{1},vuelta-a-espana,2020
OWEN Logan,{2},vuelta-a-espana,2020
MARTENS Paul,{2},vuelta-a-espana,2020
DOCKER Mitchell,{2},vuelta-a-espana,2020
IZAGIRRE Ion,{1},vuelta-a-espana,2020
GRUZDEV Dmitriy,{2},vuelta-a-espana,2020
STORER Michael,{1},vuelta-a-espana,2020
POWER Robert,{1},vuelta-a-espana,2020
SCHELLING Ide,{1},vuelta-a-espana,2020
SELIG Rüdiger,{2},vuelta-a-espana,2020
COSTA Rui,{1},vuelta-a-espana,2020
TERPSTRA Niki,{2},vuelta-a-espana,2020
CAVAGNA Rémi,{1},vuelta-a-espana,2020
GARRISON Ian,{2},vuelta-a-espana,2020
STEIMLE Jannik,{2},vuelta-a-espana,2020
SUTHERLAND Rory,{2},vuelta-a-espana,2020
PICCOLI James,{2},vuelta-a-espana,2020
ROGLIČ Primož,{3},vuelta-a-espana,2021
CORT Magnus,{2},vuelta-a-espana,2021
ARENSMAN Thymen,{1},vuelta-a-espana,2021
ČERNÝ Josef,{2},vuelta-a-espana,2021
HAGA Chad,{3},vuelta-a-espana,2021
BERNAL Egan,{1},vuelta-a-espana,2021
GROßSCHARTNER Felix,{1},vuelta-a-espana,2021
KRUIJSWIJK Steven,{1},vuelta-a-espana,2021
MAS Enric,{3},vuelta-a-espana,2021
IZAGIRRE Ion,{1},vuelta-a-espana,2021
DE LA CRUZ David,{1},vuelta-a-espana,2021
DENZ Nico,{3},vuelta-a-espana,2021
CRADDOCK Lawson,{1},vuelta-a-espana,2021
POLANC Jan,{2},vuelta-a-espana,2021
SCULLY Tom,{3},vuelta-a-espana,2021
CARUSO Damiano,{1},vuelta-a-espana,2021
HAIG Jack,{3},vuelta-a-espana,2021
AZPARREN Xabier Mikel,{3},vuelta-a-espana,2021
STORER Michael,{1},vuelta-a-espana,2021
BARDET Romain,{1},vuelta-a-espana,2021
GENIETS Kevin,{3},vuelta-a-espana,2021
ROUX Anthony,{1},vuelta-a-espana,2021
TUSVELD Martijn,{1},vuelta-a-espana,2021
OLIVEIRA Nelson,{1},vuelta-a-espana,2021
TAARAMÄE Rein,{1},vuelta-a-espana,2021
MAJKA Rafał,{1},vuelta-a-espana,2021
CAMARGO Diego Andrés,{1},vuelta-a-espana,2021
ZWIEHOFF Ben,{1},vuelta-a-espana,2021
YATES Adam,{3},vuelta-a-espana,2021
POELS Wout,{3},vuelta-a-espana,2021
MÄDER Gino,{3},vuelta-a-espana,2021
SIVAKOV Pavel,{1},vuelta-a-espana,2021
VINE Jay,{3},vuelta-a-espana,2021
TRATNIK Jan,{3},vuelta-a-espana,2021
VERMEERSCH Florian,{2},vuelta-a-espana,2021
MATTHEWS Michael,{3},vuelta-a-espana,2021
BIZKARRA Mikel,{1},vuelta-a-espana,2021
NATAROV Yuriy,{3},vuelta-a-espana,2021
HERRADA Jesús,{1},vuelta-a-espana,2021
GIBBONS Ryan,{1},vuelta-a-espana,2021
VAN HOOYDONCK Nathan,{1},vuelta-a-espana,2021
CRAS Steff,{1},vuelta-a-espana,2021
KEUKELEIRE Jens,{1},vuelta-a-espana,2021
IZAGIRRE Gorka,{1},vuelta-a-espana,2021
SOTO Antonio Jesús,{3},vuelta-a-espana,2021
BOUWMAN Koen,{1},vuelta-a-espana,2021
CLAEYS Dimitri,{1},vuelta-a-espana,2021
BROWN Connor,{3},vuelta-a-espana,2021
ARU Fabio,{1},vuelta-a-espana,2021
MARTIN Guillaume,{2},vuelta-a-espana,2021
DAINESE Alberto,{3},vuelta-a-espana,2021
SUNDERLAND Dylan,{3},vuelta-a-espana,2021
HAMILTON Lucas,{1},vuelta-a-espana,2021
EIKING Odd Christian,{2},vuelta-a-espana,2021
KIRSCH Alex,{3},vuelta-a-espana,2021
VAN GILS Maxim,{3},vuelta-a-espana,2021
HOWSON Damien,{2},vuelta-a-espana,2021
TOUZÉ Damien,{1},vuelta-a-espana,2021
PUCCIO Salvatore,{1},vuelta-a-espana,2021
HERRADA José,{1},vuelta-a-espana,2021
BAGIOLI Andrea,{2},vuelta-a-espana,2021
STANNARD Robert,{3},vuelta-a-espana,2021
KRIEGER Alexander,{3},vuelta-a-espana,2021
SCHULTZ Nick,{1},vuelta-a-espana,2021
PIDCOCK Thomas,{1},vuelta-a-espana,2021
VANHOUCKE Harm,{1},vuelta-a-espana,2021
ROCHAS Rémy,{1},vuelta-a-espana,2021
OLIVEIRA Rui,{2},vuelta-a-espana,2021
ŠTYBAR Zdeněk,{2},vuelta-a-espana,2021
SÁNCHEZ Pelayo,{2},vuelta-a-espana,2021
OOMEN Sam,{1},vuelta-a-espana,2021
SÉNÉCHAL Florian,{3},vuelta-a-espana,2021
ITURRIA Mikel,{1},vuelta-a-espana,2021
MONIQUET Sylvain,{3},vuelta-a-espana,2021
LE GAC Olivier,{2},vuelta-a-espana,2021
LÓPEZ Juan Pedro,{1},vuelta-a-espana,2021
GESINK Robert,{1},vuelta-a-espana,2021
DOMBROWSKI Joe,{1},vuelta-a-espana,2021
BOUCHARD Geoffrey,{3},vuelta-a-espana,2021
PLANCKAERT Edward,{2},vuelta-a-espana,2021
KUSS Sepp,{1},vuelta-a-espana,2021
LINDEMAN Bert-Jan,{2},vuelta-a-espana,2021
MATÉ Luis Ángel,{1},vuelta-a-espana,2021
PALZER Anton,{2},vuelta-a-espana,2021
BOL Jetse,{1},vuelta-a-espana,2021
CHAMPOUSSIN Clément,{1},vuelta-a-espana,2021
BOU Joan,{3},vuelta-a-espana,2021
LUDVIGSSON Tobias,{3},vuelta-a-espana,2021
MARTÍN Gotzon,{1},vuelta-a-espana,2021
VANSEVENANT Mauri,{2},vuelta-a-espana,2021
ZEITS Andrey,{3},vuelta-a-espana,2021
HAMILTON Chris,{1},vuelta-a-espana,2021
BENEDETTI Cesare,{2},vuelta-a-espana,2021
KRON Andreas,{1},vuelta-a-espana,2021
GAMPER Patrick,{2},vuelta-a-espana,2021
DEWULF Stan,{3},vuelta-a-espana,2021
THWAITES Scott,{2},vuelta-a-espana,2021
CANAL Carlos,{3},vuelta-a-espana,2021
VAN MELSEN Kévin,{3},vuelta-a-espana,2021
KNOX James,{3},vuelta-a-espana,2021
CABEDO Óscar,{1},vuelta-a-espana,2021
NIV Guy,{2},vuelta-a-espana,2021
ERVITI Imanol,{1},vuelta-a-espana,2021
DÉMARE Arnaud,{3},vuelta-a-espana,2021
MEEUS Jordi,{2},vuelta-a-espana,2021
CUADROS Álvaro,{1},vuelta-a-espana,2021
VAN LERBERGHE Bert,{2},vuelta-a-espana,2021
ALLEGAERT Piet,{3},vuelta-a-espana,2021
TRENTIN Matteo,{2},vuelta-a-espana,2021
FINÉ Eddy,{1},vuelta-a-espana,2021
BARCELÓ Fernando,{1},vuelta-a-espana,2021
BRAMBILLA Gianluca,{1},vuelta-a-espana,2021
PICCOLI James,{2},vuelta-a-espana,2021
DE TIER Floris,{1},vuelta-a-espana,2021
CALMEJANE Lilian,{1},vuelta-a-espana,2021
OKAMIKA Ander,{1},vuelta-a-espana,2021
ROJAS José Joaquín,{1},vuelta-a-espana,2021
KREDER Wesley,{3},vuelta-a-espana,2021
ARASHIRO Yukiya,{3},vuelta-a-espana,2021
BERWICK Sebastian,{2},vuelta-a-espana,2021
SINKELDAM Ramon,{2},vuelta-a-espana,2021
MEZGEC Luka,{3},vuelta-a-espana,2021
PETILLI Simone,{1},vuelta-a-espana,2021
NIEVE Mikel,{1},vuelta-a-espana,2021
HIRT Jan,{1},vuelta-a-espana,2021
VENTURINI Clément,{3},vuelta-a-espana,2021
AMEZQUETA Julen,{1},vuelta-a-espana,2021
CHEREL Mikaël,{1},vuelta-a-espana,2021
SIMMONS Quinn,{3},vuelta-a-espana,2021
NAVARRO Daniel,{1},vuelta-a-espana,2021
MADRAZO Ángel,{3},vuelta-a-espana,2021
PADUN Mark,{1},vuelta-a-espana,2021
ABERASTURI Jon,{2},vuelta-a-espana,2021
LAAS Martin,{2},vuelta-a-espana,2021
MINALI Riccardo,{2},vuelta-a-espana,2021
HOFSTEDE Lennard,{2},vuelta-a-espana,2021
PRODHOMME Nicolas,{3},vuelta-a-espana,2021
BAGÜES Aritz,{3},vuelta-a-espana,2021
LOBATO Juan José,{2},vuelta-a-espana,2021
JAKOBSEN Fabio,{2},vuelta-a-espana,2021
CEPEDA Jefferson Alveiro,{1},vuelta-a-espana,2021
NIBALI Antonio,{3},vuelta-a-espana,2021
